attendance,study_hours,previous_marks,assignment_score,internal_marks,previous_gpa,participation,backlogs,composite_score,performance
83.0,4.7,61.2,99.9,59.1,7.82,6,1,70.2,Good
74.1,5.3,60.7,75.8,65.1,5.67,6,0,71.6,Good
85.1,3.3,39.3,85.3,60.4,6.04,7,1,58.3,Average
97.3,2.8,62.7,75.5,71.8,5.73,8,1,64.7,Average
72.7,2.1,79.7,64.0,89.2,6.91,5,1,56.9,Average
72.7,2.5,47.6,40.4,57.7,8.74,5,0,56.2,Average
98.1,8.5,84.8,77.1,86.0,7.09,9,1,80.1,Excellent
86.7,5.8,75.8,62.4,57.5,6.48,6,0,69.0,Good
69.4,1.6,56.3,62.0,56.4,4.96,4,1,51.9,Average
83.6,1.7,65.7,66.5,83.1,7.87,6,1,65.3,Good
69.5,4.6,93.6,100.0,84.8,6.01,6,0,76.3,Good
69.5,4.7,79.7,100.0,83.6,7.26,10,0,76.0,Good
79.4,4.7,68.1,77.3,48.9,6.6,8,1,60.4,Average
49.2,3.4,64.2,67.0,62.5,8.27,9,1,51.8,Average
51.9,3.6,69.2,56.3,83.2,6.88,8,0,60.1,Average
68.1,4.3,59.8,81.0,70.7,7.02,8,2,52.7,Average
61.8,3.9,34.3,100.0,52.8,7.78,5,2,52.3,Average
80.4,0.5,99.0,70.3,77.3,10.0,6,0,72.8,Good
63.3,3.4,70.5,38.3,58.6,8.34,5,0,59.9,Average
56.2,2.4,74.4,84.1,98.7,6.98,6,0,64.3,Average
96.5,4.1,67.1,88.8,94.7,7.1,8,1,70.1,Good
72.8,8.5,56.2,50.2,79.7,6.37,7,1,66.8,Good
76.9,4.4,65.0,76.6,91.8,5.77,9,1,67.8,Good
56.1,3.3,42.4,80.8,71.0,6.33,4,2,47.6,Poor
68.4,5.3,99.0,72.9,82.2,6.02,8,0,75.8,Good
77.6,4.6,48.2,62.1,93.6,8.01,4,0,72.4,Good
59.9,4.5,51.5,89.2,73.9,5.6,7,3,52.9,Average
81.3,4.8,61.0,67.9,65.9,8.97,8,1,72.0,Good
67.6,7.1,88.6,51.7,42.7,8.15,6,0,73.8,Good
71.9,2.0,68.2,43.3,68.7,7.13,8,2,57.1,Average
67.6,4.6,48.2,92.9,83.2,7.1,5,3,51.0,Average
100.0,2.3,88.1,83.2,85.1,6.32,3,0,77.3,Good
75.8,4.7,79.7,75.3,78.1,7.48,8,0,72.3,Good
61.2,2.3,76.6,67.4,61.3,8.62,10,3,45.7,Poor
87.5,3.1,79.5,66.1,38.4,6.12,5,1,64.4,Average
58.9,3.3,99.0,57.9,62.1,4.95,9,0,64.3,Average
78.9,5.4,99.0,67.5,65.1,8.08,7,0,73.2,Good
48.6,5.3,57.0,42.2,65.0,7.55,4,1,50.7,Average
57.4,1.8,94.0,63.0,79.9,5.53,4,1,56.4,Average
78.8,3.9,74.1,69.3,100.0,6.07,7,0,70.3,Good
86.3,2.7,76.0,83.1,72.0,5.9,6,1,64.6,Average
78.4,1.8,40.9,73.4,66.5,6.09,4,2,53.5,Average
74.4,3.5,65.3,85.9,65.9,6.65,3,2,54.6,Average
71.8,3.3,55.0,94.2,72.0,6.73,5,1,66.6,Good
55.3,7.7,81.2,89.9,56.7,6.19,7,1,71.8,Good
65.9,4.5,85.1,81.1,71.9,6.04,6,0,71.8,Good
69.6,1.6,34.8,74.2,77.2,6.78,5,0,57.4,Average
90.8,2.9,67.6,59.3,73.4,7.33,7,1,63.2,Average
80.8,5.4,85.9,85.1,77.3,6.66,9,0,82.9,Excellent
51.3,7.1,65.0,99.2,76.9,8.72,7,0,75.9,Good
80.5,1.3,79.7,79.1,41.6,7.81,6,0,56.6,Average
70.6,0.8,73.6,100.0,80.2,4.87,8,0,66.8,Good
66.5,6.8,73.5,51.1,59.3,7.83,5,1,65.9,Good
84.6,4.4,63.7,56.7,52.5,7.95,6,1,59.3,Average
90.4,2.4,48.5,86.8,52.3,6.49,6,0,61.8,Average
89.0,4.7,50.1,78.0,76.9,5.01,4,2,56.4,Average
64.3,0.5,79.3,93.7,66.4,7.11,6,0,58.3,Average
71.7,3.8,68.3,73.8,43.1,7.09,2,1,50.8,Average
80.6,4.3,65.8,61.0,77.6,5.53,10,1,58.7,Average
89.7,5.3,61.2,70.8,47.0,5.07,5,1,63.2,Average
69.3,2.2,63.1,51.0,72.2,6.98,10,0,51.4,Average
73.4,3.9,84.8,57.1,73.8,6.77,7,0,66.4,Good
60.5,2.3,62.6,88.6,84.2,6.52,8,2,53.8,Average
59.3,4.2,46.5,87.1,98.5,6.98,6,0,64.9,Average
87.4,2.4,79.9,79.4,48.2,5.56,7,2,51.2,Average
95.0,3.1,64.7,48.2,69.2,6.49,8,1,62.7,Average
75.0,2.2,68.5,68.6,65.6,7.85,8,0,59.3,Average
90.0,4.8,93.7,55.6,76.9,6.61,8,0,80.2,Excellent
81.1,5.2,67.7,91.6,73.5,4.76,6,0,69.5,Good
67.0,3.4,72.6,65.2,64.4,6.44,6,1,58.4,Average
81.1,3.9,49.1,57.7,62.9,5.6,3,3,46.2,Poor
97.5,1.5,64.5,74.4,52.1,7.47,8,0,65.3,Good
75.5,3.3,77.8,64.4,85.8,7.55,9,1,66.9,Good
97.9,3.7,43.1,96.3,77.3,4.78,10,1,64.2,Average
39.3,8.0,71.2,63.0,84.7,8.16,7,1,67.5,Good
87.5,2.0,69.6,53.0,65.0,5.54,5,0,62.5,Average
77.2,6.1,68.7,41.7,59.5,9.28,3,1,59.3,Average
71.8,5.4,84.6,73.5,52.7,7.03,9,2,64.6,Average
77.3,4.2,73.4,65.6,75.7,5.36,3,0,70.5,Good
48.2,6.6,91.6,52.6,53.4,5.5,6,1,63.4,Average
72.9,4.4,52.1,91.8,99.6,7.59,6,1,70.8,Good
81.0,4.4,70.2,84.0,49.1,6.55,6,1,63.8,Average
96.7,3.7,69.4,73.6,74.4,6.96,7,1,64.9,Average
68.7,5.8,50.9,94.5,95.1,9.36,7,1,67.8,Good
64.7,5.6,83.3,83.9,79.6,6.12,2,0,73.1,Good
69.0,2.8,99.0,61.7,72.8,7.18,7,1,69.0,Good
88.8,1.7,67.7,58.4,54.5,9.09,2,1,66.6,Good
80.6,3.5,76.1,86.3,47.9,7.48,8,0,71.8,Good
68.6,2.5,69.4,79.9,82.3,4.85,5,0,59.8,Average
83.2,3.7,56.6,76.5,94.1,7.81,2,1,62.2,Average
77.4,5.8,38.9,61.3,63.0,5.47,5,3,56.0,Average
89.6,3.1,56.7,83.1,51.8,9.07,5,2,56.7,Average
66.2,3.7,45.7,62.7,30.7,5.95,9,2,44.5,Poor
71.4,3.9,95.3,72.5,54.3,10.0,7,0,68.9,Good
70.5,5.2,66.2,95.7,68.2,9.15,7,2,70.4,Good
55.5,0.5,62.5,64.1,95.6,5.98,9,2,52.2,Average
80.1,2.8,82.2,50.4,80.8,7.13,6,0,64.8,Average
79.7,4.1,50.1,58.2,74.9,8.16,8,1,57.1,Average
76.1,5.7,55.7,88.9,63.6,8.2,8,1,67.7,Good
72.7,3.0,69.1,77.8,60.7,7.72,4,1,59.9,Average
56.2,0.8,84.5,72.1,92.5,8.85,9,0,69.8,Good
70.1,4.8,76.0,66.4,73.2,6.93,4,0,69.8,Good
71.2,2.8,72.0,81.3,36.4,6.59,8,0,60.1,Average
64.8,1.9,69.2,61.3,59.2,6.61,3,1,50.4,Average
73.7,2.8,74.4,78.6,56.3,8.3,8,0,65.7,Good
81.7,3.5,71.2,63.0,61.3,7.61,10,1,61.4,Average
100.0,2.8,51.5,60.5,79.0,7.51,6,0,65.7,Good
78.4,0.5,68.7,64.4,68.3,8.21,6,2,52.7,Average
79.6,5.2,50.8,68.4,68.8,4.23,8,2,52.9,Average
75.0,5.8,69.3,73.3,91.0,7.53,6,2,68.6,Good
49.1,4.8,60.3,77.5,58.9,7.41,10,2,53.0,Average
75.6,2.0,99.0,30.0,99.8,9.44,7,0,68.2,Good
76.8,3.5,67.4,61.9,59.3,4.96,6,0,60.1,Average
100.0,3.8,45.5,68.1,71.4,9.28,5,0,68.4,Good
73.3,4.8,65.9,96.6,65.5,7.21,5,3,58.3,Average
80.2,4.9,76.3,57.8,72.0,7.78,5,0,71.4,Good
75.5,2.6,94.8,76.4,77.1,9.45,6,0,77.0,Good
59.6,3.9,58.6,96.4,76.9,7.89,6,2,63.2,Average
92.0,4.5,42.7,54.3,58.0,7.66,5,2,54.3,Average
86.5,6.1,81.1,79.9,52.0,7.44,10,1,68.3,Good
87.1,4.9,45.9,62.0,100.0,6.42,4,1,63.2,Average
63.3,5.1,61.0,66.4,62.3,7.06,7,1,55.9,Average
95.6,3.9,63.9,62.0,81.2,6.1,8,1,72.2,Good
56.4,6.1,66.9,63.0,44.3,7.04,8,0,69.2,Good
84.2,4.5,79.0,100.0,65.5,3.83,6,1,70.9,Good
100.0,2.4,57.1,86.7,68.0,7.7,6,1,67.7,Good
62.1,6.0,63.6,90.5,77.6,6.93,7,0,72.0,Good
68.1,4.9,67.8,81.4,26.4,6.63,7,2,54.8,Average
77.4,3.1,70.4,49.9,72.7,7.41,6,1,54.2,Average
69.0,3.0,69.6,79.9,51.6,5.09,3,2,51.2,Average
54.3,4.3,75.0,90.1,75.2,9.8,6,2,59.3,Average
77.0,4.5,81.5,61.2,53.4,6.96,4,1,63.1,Average
61.1,4.1,74.3,88.5,56.3,6.9,5,0,65.0,Good
82.6,4.3,75.3,84.6,65.6,5.75,7,0,77.7,Good
63.1,6.5,42.7,100.0,53.2,7.13,7,2,60.5,Average
97.7,5.5,68.8,67.7,62.4,9.04,10,1,72.7,Good
65.0,4.1,75.7,57.5,50.9,8.55,5,0,61.5,Average
71.5,5.3,79.7,68.6,40.7,8.3,8,0,73.6,Good
87.4,2.1,56.9,95.5,86.3,7.86,7,0,70.1,Good
58.8,4.4,57.5,46.6,49.3,6.6,9,3,45.1,Poor
79.2,6.7,58.8,43.0,67.1,5.07,8,0,65.5,Good
94.3,3.5,76.6,75.3,82.0,6.82,4,0,71.6,Good
53.5,2.4,84.5,67.4,60.2,6.77,3,1,55.6,Average
78.6,2.8,61.5,74.1,56.8,8.57,7,0,56.8,Average
79.6,2.1,82.5,88.2,73.6,7.53,5,2,56.8,Average
86.9,2.5,70.0,65.7,87.9,9.36,5,0,71.5,Good
58.7,3.2,66.0,45.9,51.3,8.78,4,0,61.0,Average
57.5,1.6,64.6,100.0,67.6,6.46,7,1,58.7,Average
83.3,3.8,79.9,59.0,42.3,4.59,10,0,61.6,Average
80.2,5.2,73.2,58.1,63.7,9.04,6,0,64.8,Average
79.5,2.3,99.0,90.6,70.5,9.0,8,0,79.1,Good
80.9,6.2,54.4,68.2,56.3,5.19,6,1,58.9,Average
66.5,4.6,76.3,73.0,62.7,9.21,4,2,62.2,Average
79.3,5.4,59.5,81.2,47.5,7.63,8,0,68.8,Good
80.1,2.7,54.1,90.3,71.2,7.32,4,3,54.2,Average
66.0,5.2,67.8,69.0,86.9,9.36,7,1,67.9,Good
100.0,2.1,70.2,96.8,52.4,8.98,6,0,72.3,Good
82.6,5.2,99.0,42.0,60.0,8.01,8,0,72.8,Good
59.3,4.1,65.1,85.4,78.0,7.76,4,1,59.9,Average
85.2,4.7,49.9,61.4,89.4,7.96,7,0,65.6,Good
62.4,1.9,72.4,94.6,46.1,6.54,5,0,51.5,Average
87.0,2.4,34.8,76.1,67.3,7.02,5,1,54.0,Average
92.2,4.8,66.5,63.9,74.5,5.84,1,1,69.4,Good
64.5,2.3,68.3,83.9,68.4,6.63,10,1,62.8,Average
89.5,4.5,80.7,87.4,30.4,6.59,8,0,70.5,Good
81.8,1.6,83.6,83.6,78.0,6.21,5,0,66.3,Good
87.5,5.2,59.9,58.6,94.3,7.29,4,1,70.7,Good
100.0,1.8,65.6,66.7,71.9,6.65,6,0,66.0,Good
72.6,4.7,55.7,73.9,53.5,7.8,8,2,61.5,Average
65.4,4.8,50.0,73.4,61.8,4.83,3,1,50.9,Average
63.5,2.7,73.0,85.2,98.3,6.94,6,2,58.8,Average
64.6,4.7,47.6,43.8,84.6,7.28,10,0,58.8,Average
74.9,4.2,61.4,79.0,80.2,6.67,4,3,50.0,Average
80.8,2.9,52.1,69.7,75.7,6.86,7,1,56.0,Average
79.9,2.2,76.8,61.4,59.4,4.88,10,1,59.4,Average
87.6,0.7,96.8,62.9,66.8,7.6,8,0,66.4,Good
76.2,4.4,47.2,70.8,68.8,8.01,7,0,50.5,Average
96.3,1.3,38.4,30.0,78.8,7.79,8,3,48.2,Poor
72.3,4.0,66.0,63.5,94.1,8.55,6,1,59.8,Average
100.0,3.4,68.3,60.9,87.9,7.38,9,0,75.6,Good
84.8,4.9,71.5,82.0,47.3,7.77,6,0,69.7,Good
64.0,3.3,60.9,61.9,73.6,7.32,3,0,67.3,Good
61.0,3.3,64.8,70.8,81.8,8.06,6,1,64.0,Average
82.8,5.0,73.9,97.1,79.9,4.89,5,1,68.8,Good
72.9,4.3,84.6,88.9,59.9,5.85,6,0,67.9,Good
86.0,4.3,36.7,87.5,100.0,9.32,6,1,72.7,Good
82.6,4.6,62.1,66.5,49.6,3.66,9,1,53.4,Average
75.0,1.3,71.4,82.1,52.7,6.9,8,1,58.5,Average
64.1,5.0,53.3,70.5,73.7,8.74,7,0,65.0,Good
54.8,4.8,95.7,71.1,100.0,6.97,6,0,73.8,Good
69.7,2.2,57.8,80.1,56.6,6.53,4,0,59.1,Average
88.0,3.4,67.3,65.0,65.7,7.28,2,2,57.7,Average
79.0,3.7,76.9,96.4,87.2,6.61,7,1,72.8,Good
58.6,3.6,58.5,71.6,69.7,7.14,8,4,45.9,Poor
78.4,4.3,38.5,83.3,64.6,6.14,6,1,59.0,Average
81.4,6.1,61.1,95.8,79.1,8.65,5,2,68.5,Good
63.6,5.5,84.5,89.5,74.4,9.09,7,1,69.9,Good
78.2,1.7,62.6,52.9,86.5,6.91,6,1,57.8,Average
76.8,4.8,54.5,80.7,90.7,5.16,10,0,67.8,Good
60.0,5.9,82.8,86.8,74.9,6.37,9,1,67.4,Good
81.0,4.4,62.7,87.4,74.7,6.84,8,2,62.0,Average
83.9,5.5,59.8,57.3,73.4,7.81,8,0,69.1,Good
91.2,7.0,70.4,64.1,77.8,5.69,4,0,74.6,Good
90.8,5.4,80.3,88.9,70.9,6.02,8,1,77.0,Good
56.7,4.2,99.0,62.6,70.0,7.81,7,2,60.3,Average
62.9,5.5,81.2,69.5,89.1,8.41,8,1,71.4,Good
83.2,4.0,86.6,97.6,94.3,6.23,7,0,80.2,Excellent
83.2,3.8,59.9,73.3,45.9,5.23,7,1,55.4,Average
83.2,3.2,51.6,63.1,70.2,10.0,10,1,62.3,Average
100.0,6.3,69.0,60.8,59.0,8.2,6,1,73.5,Good
84.0,2.5,69.7,79.0,65.0,6.73,8,1,63.5,Average
91.9,6.3,50.7,54.0,76.4,8.32,6,1,67.0,Good
89.4,4.6,65.2,70.3,80.7,6.93,8,0,69.9,Good
85.1,1.6,74.4,79.0,68.2,8.31,8,2,67.1,Good
71.6,4.4,73.8,93.5,39.4,7.32,7,1,60.6,Average
86.6,0.5,76.1,84.0,54.6,7.23,10,2,51.4,Average
65.2,4.8,72.7,63.3,84.3,6.94,5,1,67.0,Good
72.7,5.2,59.9,91.7,26.2,5.07,6,2,52.6,Average
69.2,2.9,59.8,69.5,89.0,9.81,7,2,58.0,Average
77.1,4.0,48.8,55.5,78.3,5.78,8,1,55.9,Average
100.0,6.9,96.6,71.4,91.1,5.2,7,1,88.3,Excellent
49.9,3.0,68.2,95.6,66.8,6.8,9,0,65.0,Good
85.6,2.1,64.4,76.5,37.0,5.75,5,1,56.4,Average
53.4,6.2,53.1,74.2,76.9,7.03,4,3,52.5,Average
69.4,6.9,99.0,98.6,90.4,8.06,7,0,87.1,Excellent
91.2,3.8,50.8,52.5,84.8,8.49,6,1,67.6,Good
76.9,5.4,61.1,54.7,59.4,8.24,8,1,61.1,Average
60.9,5.9,74.7,49.8,71.4,6.67,6,1,56.8,Average
66.0,2.6,77.6,79.6,61.5,7.17,6,1,63.3,Average
85.5,3.0,83.3,76.5,56.9,7.67,6,0,71.2,Good
65.8,5.8,96.9,97.1,85.3,4.64,7,1,75.5,Good
79.0,6.5,76.1,77.7,50.8,7.9,6,0,74.2,Good
76.6,4.7,51.1,67.9,55.7,5.06,6,0,59.0,Average
66.9,2.4,63.9,74.0,52.3,9.96,6,1,57.1,Average
100.0,7.0,72.9,75.8,46.2,6.53,8,1,71.2,Good
84.9,3.0,99.0,48.9,72.3,6.84,7,0,69.0,Good
47.6,3.3,45.6,100.0,88.6,6.02,10,2,58.9,Average
78.6,4.3,87.2,81.8,67.0,6.22,7,0,68.0,Good
66.7,6.3,70.9,77.2,45.9,10.0,5,1,73.2,Good
87.9,5.2,81.4,83.2,83.4,8.42,10,0,84.1,Excellent
64.9,4.5,66.4,84.6,97.0,4.93,7,1,59.9,Average
74.4,4.5,54.5,71.9,59.7,9.21,8,1,60.7,Average
83.1,3.9,80.0,64.5,62.3,8.77,8,2,62.2,Average
88.1,4.7,78.5,83.0,78.3,6.71,8,1,73.8,Good
59.2,0.5,83.6,79.8,95.9,7.53,8,1,59.5,Average
71.3,3.3,67.8,61.9,61.7,7.08,4,2,53.3,Average
69.4,4.2,58.4,95.3,48.7,9.86,7,1,62.0,Average
66.9,2.0,43.1,78.4,80.1,5.99,4,1,50.2,Average
100.0,4.4,81.1,84.9,82.8,7.3,6,1,72.4,Good
81.7,3.5,74.8,94.9,70.1,6.5,5,1,70.3,Good
58.3,6.6,52.5,74.3,61.1,5.09,7,1,52.7,Average
88.9,6.3,59.4,78.8,85.9,10.0,7,1,76.0,Good
100.0,3.1,60.5,86.2,78.4,5.45,7,2,65.7,Good
90.5,3.6,44.3,63.1,57.7,7.41,7,3,48.7,Poor
54.7,3.7,54.9,74.8,70.8,4.66,5,3,45.7,Poor
69.2,3.1,49.9,75.9,48.4,6.54,6,1,56.7,Average
93.7,4.1,61.4,59.7,81.0,7.69,8,0,68.2,Good
66.1,2.6,56.2,100.0,65.8,5.95,9,0,61.3,Average
82.2,2.0,42.0,52.9,63.0,7.92,4,0,53.1,Average
86.8,4.8,99.0,54.5,69.5,6.72,3,1,73.6,Good
63.0,4.8,88.0,93.7,70.6,8.72,5,0,78.9,Good
75.2,2.5,55.5,84.7,84.3,9.01,9,1,59.2,Average
35.0,5.2,72.4,58.6,79.5,6.28,9,1,61.8,Average
61.7,2.8,74.7,83.1,67.5,7.21,5,1,63.1,Average
72.5,4.2,87.1,96.0,82.2,7.36,7,0,82.3,Excellent
58.5,5.1,54.9,73.5,76.4,7.97,10,1,63.6,Average
98.9,3.7,85.5,100.0,63.2,7.12,7,0,78.0,Good
56.0,4.5,59.2,48.1,68.0,7.37,9,1,59.8,Average
69.8,3.0,46.6,84.4,67.6,6.76,8,3,51.5,Average
77.8,3.5,79.6,91.5,78.1,7.26,5,1,76.6,Good
96.2,3.5,88.7,87.4,64.1,8.92,6,0,80.7,Excellent
55.9,2.6,99.0,70.9,63.8,8.0,7,1,63.7,Average
92.3,3.5,48.8,69.6,100.0,8.08,7,1,62.7,Average
76.1,1.3,79.2,80.7,85.0,8.11,8,1,63.6,Average
62.3,3.0,61.4,86.2,57.8,6.88,7,0,56.2,Average
82.5,3.3,80.5,83.0,79.1,7.55,1,1,66.4,Good
78.8,3.4,44.5,89.6,71.9,5.58,4,1,61.3,Average
67.6,3.4,47.8,58.7,76.3,8.88,2,0,58.8,Average
77.0,3.7,55.6,70.6,72.2,3.2,7,0,65.0,Good
70.6,4.6,69.3,59.9,89.0,6.98,7,0,70.2,Good
77.6,5.2,57.7,68.2,75.5,8.7,7,1,64.0,Average
85.3,2.8,78.5,89.2,69.0,5.19,5,0,69.6,Good
98.2,1.9,84.4,75.6,86.7,7.66,8,0,77.2,Good
58.7,2.1,77.6,100.0,73.7,6.15,8,1,63.2,Average
100.0,3.0,93.9,76.9,71.9,6.58,4,0,76.0,Good
48.7,3.2,74.7,74.9,75.0,8.42,4,1,56.3,Average
73.9,2.6,48.5,75.6,68.5,7.38,6,0,58.7,Average
84.2,1.7,89.8,64.4,70.1,4.25,10,0,75.3,Good
79.9,3.1,58.3,73.1,60.6,5.73,10,2,59.5,Average
67.3,4.1,82.6,90.9,58.0,8.47,8,1,62.2,Average
73.1,4.8,93.2,75.7,54.0,7.73,5,0,63.3,Average
69.1,2.9,75.3,62.1,47.7,9.55,8,1,59.3,Average
67.7,3.1,44.1,60.1,55.9,9.46,6,1,55.5,Average
87.9,2.3,53.3,67.2,67.2,6.62,5,1,55.3,Average
81.0,3.7,89.2,75.1,71.6,10.0,2,1,73.1,Good
66.3,2.4,65.3,91.9,65.7,7.13,7,0,64.2,Average
88.6,4.7,69.3,53.9,32.3,5.75,5,1,56.6,Average
80.3,0.9,80.1,69.2,95.2,6.21,7,0,70.7,Good
87.4,3.2,79.1,76.2,87.4,3.94,2,0,67.6,Good
84.8,4.3,72.5,46.5,77.1,9.35,7,1,65.1,Good
64.4,4.1,64.7,61.5,100.0,9.33,2,2,62.1,Average
68.2,8.1,63.0,63.8,54.4,5.68,9,2,60.4,Average
86.5,4.4,81.7,62.1,100.0,6.78,8,2,75.6,Good
84.5,2.2,76.9,76.9,54.6,7.23,6,0,68.1,Good
75.7,3.6,63.9,71.6,73.8,5.76,8,1,63.8,Average
77.6,1.0,85.3,65.7,49.6,4.64,5,0,58.8,Average
93.9,3.7,65.9,80.4,70.2,6.81,7,0,74.0,Good
67.7,2.5,54.4,99.8,76.2,6.65,8,1,59.8,Average
83.7,5.3,55.9,98.6,67.5,6.56,1,1,66.3,Good
73.2,2.9,52.3,45.2,81.4,7.41,6,1,52.1,Average
73.0,3.6,63.6,82.7,71.6,9.1,6,2,63.7,Average
91.4,2.8,87.7,71.3,61.6,6.68,6,0,71.4,Good
87.6,6.6,55.1,76.3,60.9,7.34,9,0,78.9,Good
87.4,3.3,71.0,68.0,83.0,8.12,4,1,74.6,Good
94.3,6.7,57.5,75.8,59.5,7.88,5,1,71.2,Good
76.3,5.1,63.8,76.3,84.6,6.24,3,1,65.5,Good
85.5,4.6,43.8,65.3,89.6,7.23,10,2,57.3,Average
71.7,4.4,64.5,60.6,43.3,7.87,6,1,60.1,Average
80.5,4.4,64.9,67.3,88.1,5.52,6,2,61.7,Average
74.2,0.7,76.6,77.5,100.0,8.87,6,1,67.2,Good
77.4,3.4,71.6,83.0,74.0,9.1,8,1,73.6,Good
84.3,5.2,48.8,86.8,79.6,6.09,7,2,59.1,Average
64.5,3.7,85.3,66.6,86.6,7.37,10,0,68.5,Good
100.0,1.6,71.4,78.3,65.6,8.0,7,0,68.6,Good
61.9,3.7,71.2,88.4,72.9,6.34,6,0,69.4,Good
59.0,6.5,67.9,91.5,49.0,7.77,5,1,65.8,Good
92.2,5.8,59.7,73.1,72.2,7.33,6,0,69.4,Good
87.1,3.7,71.5,70.7,78.0,5.04,3,2,62.4,Average
84.7,5.3,75.6,76.9,78.3,7.74,7,0,71.6,Good
84.8,3.2,40.0,56.8,87.0,5.56,8,1,54.4,Average
75.8,1.1,59.4,71.1,57.6,8.41,5,0,57.8,Average
63.4,2.3,63.9,85.2,61.5,6.16,5,0,57.8,Average
77.1,6.3,72.1,83.6,100.0,6.87,10,0,83.5,Excellent
66.5,3.4,87.1,69.9,67.6,9.02,4,1,65.3,Good
89.7,3.4,55.7,77.3,73.2,7.79,2,1,68.3,Good
73.9,3.3,60.0,61.6,68.9,5.59,4,1,55.0,Average
64.4,6.8,59.8,84.6,56.9,5.68,3,1,61.1,Average
71.5,6.4,55.2,72.8,96.0,6.26,7,2,68.1,Good
81.8,7.4,62.4,69.9,61.6,7.65,6,0,71.9,Good
68.1,3.5,80.3,68.6,52.0,7.6,6,1,65.5,Good
64.5,4.3,51.1,73.1,62.8,5.92,9,1,58.7,Average
79.4,1.4,74.8,67.3,38.0,5.47,5,1,44.6,Poor
79.4,6.2,40.8,83.9,59.6,7.49,8,1,67.1,Good
68.9,1.9,59.0,68.1,54.5,6.85,10,1,57.3,Average
69.4,4.1,62.7,97.9,79.9,10.0,6,0,75.6,Good
79.2,2.0,94.8,96.0,59.2,7.15,8,2,57.6,Average
55.7,2.9,63.6,60.6,84.2,9.64,6,1,56.3,Average
56.3,2.5,32.8,75.0,92.4,5.46,8,4,38.0,Poor
65.9,2.8,36.0,64.2,82.5,4.9,3,1,46.7,Poor
73.0,2.9,68.5,69.1,66.6,5.53,3,0,67.2,Good
80.4,2.9,77.8,100.0,72.3,8.76,6,0,73.6,Good
96.7,5.1,74.0,69.4,45.6,9.56,5,0,71.8,Good
88.0,2.0,70.7,79.4,67.9,6.0,5,2,59.6,Average
73.8,4.2,86.6,82.1,56.2,6.46,6,1,67.8,Good
75.7,5.7,59.4,59.0,81.1,5.46,8,1,52.1,Average
62.0,3.0,82.3,61.2,100.0,4.56,6,1,60.5,Average
75.7,2.7,41.9,55.9,78.0,8.11,5,1,49.3,Poor
72.0,3.4,53.5,60.7,38.1,7.41,6,4,40.9,Poor
80.5,5.7,39.1,31.2,64.2,7.11,5,1,52.7,Average
64.4,4.1,63.6,82.2,72.0,5.14,5,2,55.8,Average
83.3,3.0,67.3,100.0,71.4,9.4,3,1,60.0,Average
97.5,4.6,69.8,76.2,58.3,6.4,7,2,62.3,Average
74.5,2.0,69.0,52.8,73.9,7.85,5,1,61.2,Average
81.6,4.9,53.2,64.4,50.1,5.06,8,4,50.5,Average
85.7,4.5,65.0,67.1,54.9,6.83,4,1,63.7,Average
70.4,3.3,44.0,58.7,80.3,7.51,5,0,54.4,Average
79.1,2.5,89.8,86.9,53.7,7.56,10,0,75.5,Good
76.2,2.4,63.1,86.2,78.6,7.32,5,1,64.7,Average
77.4,4.7,60.2,56.7,48.1,7.79,6,1,57.4,Average
65.2,5.8,93.4,84.9,98.2,5.52,4,0,71.0,Good
76.3,2.8,48.1,96.9,57.6,7.38,4,1,60.7,Average
83.0,4.5,50.0,100.0,66.4,7.26,10,0,68.4,Good
96.3,0.5,50.5,100.0,75.3,7.42,7,2,59.3,Average
89.4,2.9,66.9,60.5,61.0,7.2,7,0,65.1,Good
100.0,3.8,74.9,100.0,72.3,5.32,3,1,76.0,Good
65.3,2.3,79.8,68.7,79.2,5.26,7,0,63.8,Average
88.2,2.3,99.0,65.1,85.4,4.0,9,0,73.3,Good
78.6,2.7,32.0,78.9,82.7,8.24,9,3,55.8,Average
100.0,4.3,77.7,65.3,67.3,8.26,8,0,72.6,Good
64.7,3.5,59.1,80.0,67.7,8.28,4,0,65.6,Good
64.2,0.5,58.6,54.2,100.0,7.53,7,0,58.4,Average
67.6,0.5,58.1,70.4,85.2,4.11,8,1,49.7,Poor
46.3,2.8,53.5,93.3,55.3,5.66,3,1,49.9,Poor
68.6,4.5,95.0,73.1,71.6,7.34,4,0,74.7,Good
65.4,0.5,81.5,76.1,64.6,7.29,8,1,62.7,Average
78.1,3.0,68.4,81.1,67.8,6.79,8,0,72.3,Good
80.8,3.0,89.6,91.6,50.3,7.62,3,1,64.7,Average
100.0,6.0,43.8,49.2,63.4,7.12,8,2,55.4,Average
89.3,3.2,46.7,82.8,99.0,7.27,7,3,57.1,Average
67.9,4.4,33.2,70.0,79.3,6.21,8,3,43.7,Poor
63.4,4.0,56.8,76.5,30.1,8.47,5,1,52.2,Average
82.9,0.5,70.6,89.9,89.5,6.5,8,0,67.2,Good
57.5,5.0,69.6,56.1,87.4,5.24,8,1,64.0,Average
100.0,4.1,70.4,58.8,64.3,6.02,6,0,61.2,Average
92.5,4.6,45.4,45.0,81.5,6.61,7,0,62.0,Average
69.4,8.5,80.9,65.8,56.2,8.49,5,0,72.1,Good
52.0,0.5,71.8,94.0,62.5,7.04,10,1,60.1,Average
95.0,6.6,79.7,72.2,94.0,6.84,6,0,78.1,Good
74.4,3.3,37.7,53.9,65.7,5.35,5,0,54.5,Average
93.3,4.3,73.0,66.7,40.1,8.2,5,0,66.7,Good
53.7,3.7,49.0,51.7,69.0,6.19,7,2,50.2,Average
67.6,3.1,61.6,57.1,68.7,6.96,8,0,62.7,Average
76.1,2.9,76.5,79.8,89.2,9.17,4,2,64.3,Average
76.7,4.3,69.5,56.4,70.2,7.81,10,0,66.2,Good
69.7,1.4,54.4,90.7,63.3,4.82,7,1,47.5,Poor
84.7,5.0,68.1,72.9,86.7,4.62,7,0,72.8,Good
61.1,3.1,43.5,75.3,71.9,7.01,6,0,59.5,Average
74.0,2.0,86.4,69.8,58.0,5.4,7,0,58.2,Average
77.7,3.1,64.7,85.6,88.5,8.01,6,1,62.2,Average
83.2,5.8,85.9,85.7,73.1,7.16,9,1,76.4,Good
86.0,2.9,59.6,79.0,70.0,7.33,6,1,63.5,Average
60.3,4.4,59.6,82.5,72.8,6.11,8,0,61.3,Average
54.5,2.6,55.8,70.8,52.9,9.54,6,0,54.5,Average
93.9,5.0,82.0,82.1,61.6,10.0,7,0,72.0,Good
80.7,4.9,56.6,68.9,70.1,6.71,5,0,70.9,Good
65.5,6.8,78.3,74.0,66.9,7.59,9,0,69.3,Good
97.7,3.5,61.9,69.9,90.4,7.24,5,3,61.7,Average
77.6,4.9,36.4,67.1,73.5,6.74,6,1,57.6,Average
92.5,4.0,58.9,63.7,83.7,5.94,6,1,69.0,Good
76.9,5.9,49.1,81.0,70.2,5.58,6,1,60.0,Average
100.0,2.6,68.5,93.7,86.9,5.51,8,1,70.8,Good
100.0,5.0,49.0,91.6,76.4,7.67,6,0,67.8,Good
72.5,3.5,82.8,55.2,70.2,6.37,9,1,56.2,Average
89.6,3.7,66.5,93.3,69.8,3.49,5,2,62.6,Average
85.0,3.9,65.2,69.2,54.7,7.72,7,0,59.9,Average
95.2,4.2,78.5,83.0,78.1,7.05,5,0,75.2,Good
62.5,3.6,83.4,60.4,69.4,8.99,7,2,62.7,Average
85.6,4.1,67.7,76.1,62.0,7.62,6,1,67.4,Good
90.8,6.3,55.7,78.7,87.7,5.03,6,0,71.4,Good
51.4,5.4,39.6,51.7,50.0,3.98,9,2,37.6,Poor
59.4,5.2,57.0,83.1,63.2,6.09,5,1,60.6,Average
47.5,3.1,58.1,94.2,86.4,6.22,8,1,64.0,Average
72.2,2.4,69.7,71.4,75.0,8.42,5,0,62.7,Average
86.0,5.3,62.5,94.4,69.2,7.09,7,0,70.9,Good
97.0,5.2,79.0,71.2,74.0,8.69,4,1,71.1,Good
77.0,6.2,58.2,86.7,72.9,5.25,5,2,63.9,Average
98.8,2.8,67.1,40.7,45.7,8.45,6,1,62.3,Average
56.7,3.4,86.9,100.0,64.4,8.11,10,0,67.3,Good
52.2,1.2,73.5,96.4,95.9,4.27,7,2,50.7,Average
75.2,3.2,67.0,69.7,59.5,8.95,10,0,74.4,Good
81.4,5.4,58.4,44.4,64.9,7.23,7,1,59.9,Average
75.5,3.1,57.9,78.3,61.3,7.65,6,2,55.8,Average
47.1,4.8,54.4,52.3,68.6,5.89,10,1,51.0,Average
74.8,3.5,59.3,80.7,60.7,8.89,7,0,67.2,Good
57.7,4.3,80.1,80.2,77.8,5.44,5,0,70.6,Good
85.4,2.0,64.4,59.9,73.2,8.26,7,1,61.6,Average
81.1,3.9,46.4,90.8,82.4,8.25,6,2,66.8,Good
62.8,0.5,96.3,86.1,53.2,5.74,3,3,47.9,Poor
68.8,3.5,73.1,88.6,64.6,9.88,8,1,65.4,Good
61.2,1.2,45.5,74.1,66.4,7.42,9,2,47.9,Poor
75.1,5.7,60.9,52.8,77.3,8.02,10,1,67.0,Good
89.4,5.0,69.8,88.7,57.3,4.96,7,2,63.8,Average
62.2,4.5,95.3,69.9,84.7,10.0,6,0,71.1,Good
83.1,6.2,50.3,53.2,89.0,5.39,8,2,61.7,Average
68.6,2.3,83.6,94.3,54.2,8.53,8,0,67.0,Good
64.9,6.6,90.4,100.0,62.1,5.71,10,1,71.8,Good
74.5,5.3,57.9,73.4,61.5,6.23,6,0,65.2,Good
61.5,3.4,63.6,100.0,100.0,8.2,6,1,64.3,Average
68.2,5.6,51.4,75.4,63.1,8.54,5,2,53.0,Average
59.2,2.0,64.7,68.3,96.8,5.32,8,4,37.2,Poor
100.0,2.5,67.4,64.5,49.7,8.63,3,1,66.7,Good
76.5,2.8,78.6,98.6,54.2,8.56,8,0,72.3,Good
66.2,3.0,85.4,62.3,59.0,5.79,8,0,63.3,Average
79.0,2.1,56.0,85.0,56.5,9.34,8,1,57.3,Average
74.4,5.8,36.5,65.6,65.7,5.06,7,0,50.3,Average
72.9,3.4,67.7,67.1,58.7,6.23,10,0,61.1,Average
84.6,4.4,72.7,89.5,56.9,7.77,8,0,74.8,Good
86.6,2.9,72.0,68.3,88.5,5.91,5,1,68.4,Good
68.6,0.9,62.8,67.9,89.6,7.47,5,2,55.3,Average
67.9,4.2,70.0,91.0,85.2,7.44,5,2,63.8,Average
72.1,0.7,92.2,98.0,78.4,6.84,8,0,75.5,Good
43.8,3.7,74.1,83.7,71.5,8.27,4,0,62.3,Average
54.8,1.6,62.0,64.2,62.0,6.78,9,0,59.3,Average
95.1,7.0,60.0,66.3,54.7,7.42,9,0,71.6,Good
99.0,5.3,65.3,75.2,75.8,8.71,5,0,72.7,Good
72.5,4.0,94.2,78.8,51.2,8.21,6,0,67.4,Good
84.1,5.8,65.1,59.2,54.1,8.2,7,1,60.6,Average
80.4,2.4,67.7,84.8,88.4,5.49,8,1,67.4,Good
100.0,4.7,60.3,75.3,100.0,7.83,10,1,72.3,Good
91.7,4.1,85.6,48.3,76.3,5.87,3,0,66.1,Good
74.2,4.2,99.0,60.1,87.7,5.31,6,0,76.1,Good
62.6,5.8,75.2,66.4,66.1,7.0,6,1,65.0,Good
53.5,5.0,69.3,72.9,48.6,5.83,4,0,63.0,Average
78.8,4.3,68.6,100.0,79.8,8.21,6,0,76.5,Good
65.4,1.2,29.9,77.6,79.1,8.24,7,1,48.2,Poor
56.1,2.3,79.9,61.4,71.1,4.44,6,0,59.3,Average
66.9,3.6,70.1,77.3,66.1,5.94,3,1,59.4,Average
60.9,3.9,74.9,68.7,85.4,5.06,10,0,64.1,Average
99.6,2.0,56.6,78.9,54.2,6.45,7,1,55.9,Average
88.3,7.7,61.8,82.7,57.6,7.74,7,0,73.2,Good
75.9,6.2,61.4,92.1,53.9,6.76,4,1,72.0,Good
96.7,4.8,84.3,73.6,71.4,6.27,7,0,75.0,Good
77.1,3.9,61.9,98.6,52.6,8.92,6,1,68.5,Good
63.9,3.5,99.0,87.6,59.1,3.87,3,0,65.5,Good
97.3,2.3,74.9,63.4,58.7,8.83,4,0,70.3,Good
83.5,3.9,47.6,100.0,65.8,6.34,8,2,62.5,Average
61.5,4.2,65.9,78.9,46.2,6.99,10,1,62.1,Average
73.3,1.8,57.6,61.5,71.4,6.36,7,0,60.0,Average
63.7,4.3,32.9,98.8,90.0,9.26,9,2,64.1,Average
56.6,3.6,93.6,100.0,72.2,5.38,6,0,72.3,Good
89.0,0.7,79.3,73.5,94.7,7.12,6,0,76.1,Good
100.0,2.4,76.5,66.4,91.3,7.84,9,0,69.5,Good
56.4,3.1,70.6,71.4,82.4,4.84,10,2,56.9,Average
83.9,6.8,45.9,84.7,71.2,5.81,9,0,72.2,Good
66.9,4.7,60.3,93.2,70.4,6.89,4,1,59.6,Average
69.2,1.7,81.5,82.6,82.2,5.86,6,0,68.8,Good
67.7,4.6,51.2,75.5,63.7,5.96,7,2,48.6,Poor
63.9,1.3,27.5,96.5,39.9,6.61,6,3,34.6,Poor
76.7,5.5,64.4,69.3,77.9,8.01,7,2,56.2,Average
64.4,3.0,65.7,89.5,51.9,6.62,8,2,59.8,Average
79.8,3.7,70.2,69.7,54.6,8.61,9,3,54.5,Average
75.3,5.9,79.7,80.5,70.0,5.7,10,1,78.3,Good
72.7,1.7,78.2,72.3,68.5,5.35,6,1,61.5,Average
63.3,1.6,72.1,73.2,47.4,9.8,4,3,48.4,Poor
67.9,2.9,87.1,68.3,72.6,6.18,7,0,65.1,Good
86.6,5.5,43.7,94.2,85.5,5.26,10,1,64.7,Average
83.0,1.4,76.1,63.0,51.9,4.66,6,1,57.1,Average
62.3,0.5,78.0,62.9,90.4,8.61,8,2,55.7,Average
77.4,3.1,48.2,100.0,45.0,6.62,8,2,48.9,Poor
86.5,4.7,44.0,88.7,100.0,6.74,7,2,59.1,Average
52.6,5.7,56.1,38.2,63.4,6.88,7,3,42.0,Poor
83.6,3.1,57.4,65.5,72.3,8.52,5,1,67.1,Good
66.7,3.1,80.1,46.8,39.7,6.85,2,0,63.7,Average
84.0,5.6,58.2,59.7,69.0,10.0,4,0,69.9,Good
65.3,0.8,54.3,30.0,73.7,7.29,6,1,47.3,Poor
50.7,3.2,58.2,71.9,68.6,8.59,9,1,55.3,Average
53.2,4.1,85.9,56.9,61.0,8.23,6,0,60.7,Average
76.7,4.5,68.2,74.9,54.9,7.05,5,0,70.5,Good
79.6,3.0,65.1,49.6,88.1,6.28,5,2,62.5,Average
63.3,3.9,66.2,75.2,70.5,7.56,8,0,62.5,Average
84.9,0.5,88.7,67.8,94.7,7.81,9,1,67.6,Good
52.7,2.7,56.0,96.5,61.6,6.3,9,2,50.4,Average
75.1,4.5,89.0,95.2,63.0,7.33,8,0,74.1,Good
59.0,2.2,71.4,85.8,83.0,8.83,4,1,65.8,Good
66.9,3.9,65.4,69.1,44.0,10.0,6,1,53.6,Average
76.7,4.5,99.0,100.0,50.6,8.3,10,0,80.0,Excellent
64.0,3.3,51.1,50.7,87.6,9.71,9,1,61.3,Average
70.6,4.1,62.3,52.9,51.2,6.22,3,0,56.8,Average
90.1,2.3,48.3,72.7,40.9,8.08,6,0,61.7,Average
67.9,3.5,83.2,100.0,99.9,8.97,7,0,78.9,Good
87.7,4.8,95.0,71.0,47.7,5.85,5,0,76.0,Good
60.2,4.1,94.7,71.3,72.9,6.42,2,0,62.8,Average
83.4,2.9,87.6,52.4,71.1,9.53,7,0,69.3,Good
96.2,4.2,64.8,88.2,25.0,5.73,5,2,56.1,Average
41.4,4.9,62.2,88.3,65.7,5.22,5,1,46.9,Poor
64.8,0.5,41.3,85.8,77.2,9.24,6,3,41.3,Poor
84.1,5.7,99.0,64.6,75.7,8.78,6,0,77.1,Good
73.2,3.3,75.5,63.4,84.5,7.7,6,1,67.7,Good
81.2,4.5,60.1,54.6,63.8,7.04,5,1,56.9,Average
67.5,5.7,89.2,75.3,81.4,6.49,6,0,72.1,Good
77.2,1.6,52.4,57.8,59.0,7.49,3,2,49.6,Poor
73.8,2.7,74.5,56.3,47.4,9.31,7,2,48.3,Poor
92.3,3.3,65.2,67.6,49.2,7.43,1,0,55.4,Average
79.6,2.5,78.2,66.7,46.6,10.0,6,0,63.8,Average
80.7,6.6,67.0,65.9,86.2,5.84,8,1,65.1,Good
70.2,2.4,44.8,81.0,45.8,7.07,4,1,45.4,Poor
69.2,2.9,69.2,75.2,74.4,6.58,8,0,67.4,Good
69.9,4.1,84.8,69.7,65.7,5.58,9,1,67.8,Good
81.5,1.9,67.5,76.7,68.4,6.89,1,1,61.1,Average
70.1,3.2,80.4,59.1,91.8,7.68,6,1,69.1,Good
80.1,4.3,51.3,75.6,63.0,7.83,1,2,59.1,Average
100.0,3.3,67.6,76.3,79.8,10.0,6,0,67.5,Good
88.2,3.7,58.0,51.5,70.6,7.75,6,1,62.0,Average
71.4,3.0,80.0,88.9,67.6,8.71,2,0,66.7,Good
92.8,1.4,68.5,60.8,100.0,7.19,10,0,67.9,Good
70.3,4.3,79.0,75.4,46.9,9.45,7,1,65.9,Good
47.5,6.6,85.4,91.5,90.6,10.0,5,0,72.0,Good
61.9,3.8,79.1,87.9,80.5,7.84,9,0,65.9,Good
49.8,4.2,72.4,74.5,62.3,5.71,3,0,62.2,Average
71.1,4.9,52.0,68.6,96.1,6.33,4,1,64.2,Average
76.3,1.8,68.0,88.2,40.4,7.49,2,1,55.7,Average
99.5,6.5,59.5,84.1,61.7,7.74,10,1,70.0,Good
80.6,4.1,62.5,64.7,50.7,8.08,7,1,62.6,Average
72.9,6.4,62.0,62.1,76.6,7.74,8,0,73.0,Good
87.6,2.6,52.3,42.9,52.2,7.11,7,1,53.1,Average
45.0,6.7,36.7,76.3,76.9,6.21,8,3,44.7,Poor
79.3,5.0,57.3,72.8,67.0,7.66,7,0,66.2,Good
86.8,4.7,71.1,91.0,62.3,9.7,7,1,74.0,Good
55.3,4.2,46.4,79.4,76.2,8.53,7,1,62.8,Average
92.0,3.4,68.3,94.0,65.7,7.85,5,1,66.6,Good
80.7,5.7,98.4,63.5,52.6,8.54,6,0,74.2,Good
70.2,4.0,84.4,91.1,100.0,6.58,7,2,68.4,Good
84.9,0.7,94.3,66.1,62.2,6.39,7,0,67.1,Good
100.0,2.0,74.3,85.7,34.5,6.05,4,1,58.0,Average
78.5,3.5,86.7,52.1,56.5,6.92,4,0,54.7,Average
79.5,4.3,56.4,77.5,49.7,6.51,9,1,64.2,Average
69.6,3.7,57.7,44.2,83.2,8.79,6,2,60.8,Average
64.1,5.8,25.0,70.0,75.1,6.43,8,1,53.3,Average
87.6,0.7,87.0,80.6,76.4,5.98,4,0,64.1,Average
64.0,4.0,92.6,66.2,64.1,9.82,4,0,69.2,Good
77.0,0.9,59.1,58.2,65.5,6.47,5,0,55.2,Average
69.3,5.0,63.9,86.7,64.1,7.31,6,1,67.5,Good
82.7,3.6,55.9,72.4,68.7,7.73,5,0,65.1,Good
80.7,4.5,74.1,66.7,83.4,5.51,9,0,68.8,Good
90.5,2.4,86.0,74.6,75.4,8.83,7,0,69.3,Good
68.9,5.8,40.1,100.0,78.0,7.99,10,0,73.4,Good
72.2,5.5,74.6,91.3,78.0,9.28,7,2,70.8,Good
62.3,4.7,63.6,91.4,84.2,6.15,2,2,63.0,Average
69.8,3.6,69.8,80.5,74.6,7.24,9,1,61.3,Average
81.3,4.7,75.3,76.5,75.7,7.16,3,1,73.9,Good
86.6,2.7,65.0,38.1,89.0,7.47,7,2,50.9,Average
63.1,5.2,66.3,63.8,59.4,5.06,5,0,64.0,Average
88.2,6.4,64.6,66.8,56.3,7.26,10,1,61.4,Average
95.0,5.5,83.5,45.9,51.0,5.1,9,0,67.2,Good
81.8,2.6,74.7,56.6,72.9,7.6,5,0,70.8,Good
100.0,4.4,71.5,44.3,40.3,4.12,6,0,65.3,Good
65.2,1.7,47.7,73.4,77.4,4.51,7,2,45.9,Poor
58.6,4.7,61.9,86.3,68.3,8.25,8,0,65.2,Good
51.1,4.5,82.4,90.6,88.2,6.33,7,0,71.8,Good
96.9,0.8,68.6,80.2,59.2,5.72,4,1,60.7,Average
85.2,1.9,78.6,59.5,66.7,8.88,5,0,70.4,Good
75.2,3.3,96.3,45.0,88.0,7.56,6,1,65.7,Good
79.9,3.3,84.6,47.6,92.1,8.32,9,1,62.8,Average
60.2,1.9,69.5,55.0,59.1,6.87,7,0,56.9,Average
100.0,4.4,59.8,60.7,72.9,10.0,5,0,70.0,Good
77.8,4.2,27.1,71.6,74.7,6.25,8,2,47.1,Poor
77.5,3.5,65.3,58.8,76.0,9.54,6,1,63.9,Average
86.2,2.6,62.8,79.1,65.8,7.01,8,0,65.6,Good
82.7,5.5,74.2,70.5,90.5,4.78,10,0,76.5,Good
79.1,6.4,65.5,74.2,39.8,7.78,6,0,64.5,Average
64.9,3.0,62.9,91.1,63.3,7.54,8,0,66.3,Good
82.6,2.8,39.5,56.3,77.2,5.63,5,1,48.6,Poor
100.0,4.6,53.0,80.3,77.3,5.81,6,1,64.1,Average
94.8,3.2,75.6,73.8,91.6,7.07,7,0,74.2,Good
98.3,3.6,95.5,69.0,89.2,7.59,6,0,85.9,Excellent
68.8,5.0,66.4,87.3,65.4,3.64,10,0,70.1,Good
62.1,0.7,73.2,87.2,90.8,8.57,6,0,69.6,Good
74.2,5.9,83.2,59.8,58.6,6.41,8,1,71.3,Good
76.8,3.9,55.0,71.3,84.9,5.24,3,1,72.4,Good
91.3,3.1,73.9,78.2,99.0,8.42,7,1,72.8,Good
52.3,3.7,56.2,69.9,89.4,7.07,9,2,60.1,Average
97.4,3.7,81.8,82.8,71.7,8.8,5,0,80.1,Excellent
73.8,1.0,70.4,78.2,64.7,7.71,1,0,63.5,Average
70.0,6.2,72.8,100.0,45.5,7.1,6,1,73.3,Good
61.8,3.9,55.5,51.0,75.0,6.89,7,2,49.9,Poor
52.8,4.5,79.3,72.2,52.2,7.78,8,3,50.6,Average
87.5,5.3,99.0,60.4,57.3,6.52,10,0,77.2,Good
77.0,2.2,51.9,83.1,50.9,5.91,6,1,53.2,Average
57.9,4.6,62.6,49.7,62.6,7.95,5,1,56.5,Average
57.9,3.4,71.7,79.2,69.6,6.9,4,2,60.6,Average
71.3,5.2,80.6,64.5,74.4,7.15,7,3,57.6,Average
99.4,0.5,59.0,63.0,60.4,8.63,7,1,56.9,Average
72.4,3.6,25.0,52.3,87.1,6.94,5,2,48.2,Poor
55.0,2.8,89.7,67.0,66.7,7.12,8,0,64.2,Average
72.6,4.5,80.2,90.3,57.4,6.26,7,1,59.6,Average
72.2,4.6,40.1,73.6,73.6,7.7,7,2,52.9,Average
38.2,2.7,58.3,83.4,100.0,7.59,5,2,55.7,Average
75.2,2.7,93.1,99.0,75.4,8.36,6,0,80.6,Excellent
72.8,3.6,91.2,78.0,64.2,6.29,2,0,64.4,Average
85.7,2.4,83.0,65.6,45.6,6.46,7,0,60.3,Average
100.0,5.1,65.2,81.0,66.5,8.21,7,1,71.4,Good
91.8,3.2,69.3,65.8,73.8,7.45,7,0,62.1,Average
72.2,0.5,65.9,66.4,63.8,5.83,8,1,51.7,Average
60.5,3.2,86.1,51.2,43.4,8.93,7,0,55.0,Average
100.0,2.1,54.0,87.9,56.4,4.72,6,0,68.1,Good
76.8,1.2,55.1,68.2,93.3,8.2,7,1,56.9,Average
76.2,1.8,84.2,76.7,92.9,5.33,4,0,74.4,Good
75.7,4.0,67.3,58.5,55.8,9.74,5,1,64.3,Average
78.8,5.9,90.1,80.5,80.8,4.94,7,1,71.4,Good
74.0,4.3,57.3,62.6,51.1,8.71,5,3,45.7,Poor
68.0,2.8,67.1,71.9,92.5,6.99,8,0,66.6,Good
68.3,4.5,53.2,87.2,73.9,6.59,5,2,56.8,Average
75.5,3.1,68.1,85.9,85.2,7.36,7,0,71.5,Good
68.4,2.7,44.3,73.7,42.6,7.98,7,2,44.1,Poor
66.0,2.0,60.2,47.5,80.8,5.83,8,2,52.3,Average
77.5,1.0,45.0,100.0,69.9,5.96,8,0,61.4,Average
72.4,3.2,79.1,100.0,83.6,8.01,8,0,73.7,Good
97.1,4.1,79.5,84.8,84.6,4.71,2,0,72.1,Good
38.9,3.6,40.3,62.7,71.1,6.28,9,2,43.6,Poor
91.3,3.1,89.3,72.3,60.4,10.0,10,0,72.7,Good
93.4,2.3,99.0,65.8,82.5,5.74,6,0,74.4,Good
47.0,4.8,68.7,93.0,69.0,8.71,7,1,63.7,Average
71.2,1.7,57.7,77.9,56.0,6.28,5,3,45.9,Poor
70.8,5.0,99.0,62.2,55.3,7.81,3,1,72.5,Good
56.3,2.2,46.9,66.9,46.4,8.02,5,1,46.5,Poor
65.1,2.6,68.3,90.8,61.8,8.68,5,1,64.0,Average
60.5,1.5,70.9,98.0,87.6,6.82,6,2,58.9,Average
100.0,3.0,89.5,96.9,72.8,9.88,5,1,75.6,Good
89.1,5.4,73.8,85.4,61.5,6.27,5,0,72.6,Good
93.8,4.6,60.0,70.2,82.9,7.43,6,0,71.8,Good
86.1,5.4,52.8,30.0,56.7,7.44,5,0,61.2,Average
60.2,4.6,62.5,78.5,71.5,5.53,8,1,57.1,Average
68.7,2.0,51.9,74.0,67.1,6.7,8,0,53.5,Average
82.9,3.3,68.8,76.1,82.5,7.33,10,1,69.9,Good
58.9,2.6,59.0,74.8,44.8,6.5,9,1,55.2,Average
86.0,5.9,44.1,54.1,56.4,10.0,7,1,64.0,Average
72.6,1.9,88.1,82.4,43.8,5.93,5,1,59.3,Average
70.8,5.2,60.0,83.5,65.8,8.75,7,0,71.9,Good
86.0,5.2,47.7,84.2,89.4,8.3,7,2,67.5,Good
82.2,6.7,65.3,88.2,61.9,7.08,5,2,68.1,Good
70.9,3.1,69.1,83.1,61.8,5.89,8,1,57.6,Average
92.2,4.9,40.1,67.8,83.9,6.02,4,2,54.0,Average
60.9,7.5,73.3,72.9,87.1,6.37,6,0,72.7,Good
84.6,2.8,51.2,75.4,68.6,4.6,8,2,53.8,Average
84.3,1.3,95.4,75.6,81.0,5.7,6,0,70.0,Good
71.7,0.8,76.4,89.0,52.8,5.02,6,0,53.4,Average
80.6,4.9,61.6,83.7,92.0,8.98,6,0,80.9,Excellent
58.5,0.8,56.1,100.0,100.0,7.97,5,1,59.0,Average
88.9,3.2,66.3,100.0,78.3,8.2,9,0,75.7,Good
73.4,4.5,77.8,75.2,36.7,7.92,4,1,65.0,Good
68.7,4.1,67.6,30.0,61.1,7.33,7,0,50.8,Average
90.7,4.5,64.5,92.6,79.8,9.14,7,2,66.9,Good
66.1,4.2,68.9,65.9,63.3,6.24,5,1,57.3,Average
56.3,5.8,58.3,62.0,90.4,7.25,7,0,65.6,Good
54.2,2.3,62.5,68.0,79.4,8.15,5,1,55.1,Average
84.5,2.7,34.6,67.3,58.7,5.25,9,2,53.3,Average
58.1,2.6,83.6,83.2,70.5,10.0,4,0,69.8,Good
100.0,5.1,72.8,50.6,55.7,7.14,5,0,72.7,Good
46.9,5.2,55.6,57.8,67.1,7.3,4,1,53.8,Average
99.8,4.5,98.4,79.1,61.1,8.86,4,0,74.7,Good
79.0,5.7,69.4,83.3,88.8,8.38,10,0,71.1,Good
74.6,1.9,51.4,83.6,100.0,7.15,8,1,57.1,Average
68.4,6.5,81.7,62.2,47.1,7.28,7,0,70.0,Good
81.6,6.2,74.4,59.3,39.2,4.99,5,0,65.0,Good
75.5,5.0,74.3,66.4,66.1,6.32,8,0,68.3,Good
91.4,6.7,61.2,77.6,45.7,7.82,5,0,69.5,Good
77.6,1.1,75.2,96.3,70.7,7.72,8,0,75.3,Good
78.1,3.0,63.8,43.3,82.0,8.81,5,2,52.7,Average
70.9,2.6,76.9,70.7,93.9,6.93,5,1,67.7,Good
75.2,5.0,37.5,54.0,73.2,5.16,8,2,51.3,Average
80.3,2.1,61.1,49.2,66.9,8.58,8,0,60.9,Average
52.1,5.0,95.6,88.5,38.3,9.11,8,0,74.0,Good
57.1,6.0,55.7,82.2,70.4,8.36,4,2,63.1,Average
86.4,4.9,58.3,80.7,71.1,6.87,6,1,65.1,Good
78.4,4.3,60.8,87.8,80.2,8.56,7,0,74.7,Good
73.4,2.2,48.6,66.8,58.7,10.0,5,1,55.5,Average
76.3,2.4,32.7,67.5,63.0,7.26,9,1,51.9,Average
80.9,5.8,64.3,100.0,46.4,5.26,2,2,60.4,Average
68.4,5.0,70.2,70.3,33.3,6.28,5,0,58.3,Average
65.1,3.7,67.2,85.0,52.3,7.98,5,1,58.3,Average
78.7,3.1,65.7,74.1,44.9,4.85,1,1,51.8,Average
62.3,0.6,68.7,46.3,75.4,7.34,4,3,45.9,Poor
81.7,2.1,84.4,43.3,61.7,7.63,8,1,59.8,Average
52.2,6.9,65.0,65.3,61.4,9.25,7,0,62.4,Average
90.4,1.8,58.8,89.8,54.2,8.93,10,1,60.3,Average
82.6,4.1,63.5,85.8,20.0,8.31,10,1,48.9,Poor
79.6,5.4,77.3,87.7,94.1,4.07,7,1,70.7,Good
89.8,1.8,90.6,59.2,54.0,8.39,7,1,63.9,Average
99.3,4.1,57.9,98.2,63.4,8.09,7,2,65.0,Good
90.2,5.3,69.6,59.5,46.7,7.46,1,0,72.4,Good
50.2,3.8,73.4,77.2,85.6,4.68,4,0,65.2,Good
58.1,8.4,52.1,73.8,72.3,6.01,7,2,62.3,Average
67.3,1.1,68.3,71.4,56.8,5.47,8,0,51.5,Average
76.4,5.5,44.5,94.1,63.7,4.28,7,0,63.7,Average
83.2,3.5,39.7,63.4,96.9,7.1,5,1,58.3,Average
65.8,5.0,73.9,53.8,68.8,5.98,8,1,58.6,Average
78.6,4.5,61.9,74.3,67.1,10.0,9,0,67.7,Good
65.4,2.6,71.2,68.0,54.9,6.86,8,1,50.3,Average
67.4,4.2,67.7,100.0,39.7,8.91,8,0,62.5,Average
56.3,0.8,52.4,84.1,67.4,4.9,5,0,55.8,Average
63.1,4.8,67.3,67.9,75.2,6.36,9,0,66.2,Good
57.1,4.3,48.3,58.2,87.6,7.24,7,0,59.1,Average
62.3,4.8,90.3,45.8,34.0,5.83,8,1,57.1,Average
90.8,5.5,46.3,58.6,52.0,6.51,7,2,59.3,Average
62.7,4.4,64.9,75.7,60.7,6.79,6,1,59.3,Average
100.0,4.0,51.3,95.4,69.9,6.77,5,0,72.7,Good
82.9,2.4,77.1,90.8,67.7,9.7,6,0,68.8,Good
78.6,2.7,62.7,77.4,68.1,7.63,8,0,63.5,Average
64.0,5.7,59.7,69.2,76.5,7.77,6,0,68.4,Good
85.8,6.1,81.7,78.0,55.5,7.86,8,0,82.5,Excellent
67.9,3.4,68.5,66.2,84.9,7.96,8,1,68.5,Good
77.7,3.9,76.3,99.8,76.9,6.98,6,0,76.0,Good
100.0,2.4,52.3,71.2,64.9,6.65,9,0,65.8,Good
74.7,5.7,45.5,72.7,95.6,7.33,6,3,62.3,Average
92.1,4.9,69.7,40.8,94.9,8.72,10,0,77.6,Good
66.2,6.9,62.9,71.1,84.9,8.68,7,2,57.3,Average
75.5,2.4,78.0,86.5,21.7,6.76,6,3,44.5,Poor
100.0,3.2,66.7,58.0,95.3,8.17,5,0,73.8,Good
67.2,4.2,71.3,62.7,82.7,6.83,6,0,60.7,Average
100.0,4.8,42.0,85.9,100.0,7.15,6,2,63.3,Average
85.9,3.5,98.2,51.9,89.8,6.44,4,0,71.3,Good
68.1,2.4,65.4,89.9,95.3,6.85,6,0,67.3,Good
84.9,5.2,79.2,66.0,84.1,8.98,5,1,71.1,Good
89.6,5.0,54.6,68.2,91.6,7.23,8,1,67.5,Good
84.7,2.3,72.9,57.1,100.0,7.29,9,0,73.6,Good
54.0,6.0,47.2,79.7,73.5,5.07,4,2,52.1,Average
65.8,5.7,75.2,100.0,44.8,6.67,10,1,65.6,Good
72.5,4.0,62.3,85.7,65.1,6.76,6,0,61.2,Average
75.0,3.9,68.5,61.0,76.2,5.94,5,0,68.5,Good
84.7,4.7,79.2,91.0,71.2,7.13,8,0,73.9,Good
78.5,2.4,48.3,69.2,50.1,6.5,6,1,48.3,Poor
57.3,3.8,57.0,94.6,43.9,7.21,6,2,52.3,Average
81.3,0.5,75.3,86.1,58.1,7.27,6,1,56.6,Average
84.5,5.2,99.0,30.0,82.9,5.76,5,0,70.7,Good
83.8,1.3,65.8,58.9,95.3,6.54,8,0,66.5,Good
91.1,6.2,77.5,88.2,84.7,7.21,6,0,79.9,Good
87.7,3.3,66.3,76.3,86.9,8.76,4,0,79.6,Good
82.4,3.5,99.0,58.6,68.7,7.46,8,0,73.0,Good
75.0,2.8,40.0,64.5,42.1,6.17,4,0,53.5,Average
52.7,3.3,69.5,45.4,62.7,7.66,4,1,45.4,Poor
82.0,6.1,42.0,72.7,65.9,9.49,9,0,66.0,Good
78.9,0.5,27.9,100.0,62.0,8.38,4,2,43.3,Poor
79.8,5.8,72.8,86.1,70.9,7.87,2,1,66.0,Good
58.1,4.3,70.2,100.0,77.1,8.12,8,1,68.6,Good
60.9,1.9,63.4,87.2,83.6,9.12,6,0,68.6,Good
90.7,2.1,66.3,89.4,65.6,8.61,6,2,62.2,Average
75.4,6.5,99.0,100.0,39.5,7.89,6,1,73.3,Good
85.5,2.3,63.9,79.7,62.3,8.6,7,0,64.1,Average
76.4,2.0,76.2,71.2,70.7,5.59,5,1,63.5,Average
76.4,5.6,57.6,89.5,89.6,5.0,9,2,72.2,Good
89.1,4.3,72.7,95.8,60.9,7.32,4,0,73.0,Good
68.8,2.3,64.2,66.8,78.2,7.2,7,0,65.9,Good
77.3,4.1,61.4,63.2,74.6,6.34,8,1,62.9,Average
69.5,2.2,97.1,76.1,70.7,8.26,5,0,72.6,Good
69.9,5.6,86.8,86.5,84.9,4.49,4,0,70.4,Good
71.7,5.5,70.2,86.0,59.4,6.35,9,2,60.7,Average
79.1,4.7,31.1,52.6,60.8,6.42,5,2,49.1,Poor
69.3,4.4,62.2,100.0,69.8,4.81,5,0,71.1,Good
93.6,6.6,99.0,64.4,59.8,9.19,8,0,79.2,Good
63.5,3.8,64.3,70.0,78.1,5.2,7,1,52.1,Average
73.4,1.9,85.7,60.5,58.6,6.28,3,0,59.4,Average
69.8,4.5,91.1,100.0,73.6,8.37,10,0,82.5,Excellent
96.3,7.1,71.5,77.6,68.4,8.0,5,1,69.0,Good
78.8,2.2,54.5,61.2,73.4,5.55,6,1,50.9,Average
90.4,3.2,29.0,87.0,62.6,8.06,7,0,62.5,Average
55.2,4.5,78.9,85.5,64.6,7.51,8,0,68.0,Good
79.7,3.7,55.0,71.2,71.5,10.0,10,1,66.5,Good
88.5,2.2,70.8,86.6,73.2,7.67,3,1,60.3,Average
77.2,5.6,48.0,61.6,69.9,6.9,8,1,59.9,Average
90.9,7.5,63.8,66.6,97.3,5.9,8,1,79.3,Good
68.8,4.1,68.5,43.8,54.1,6.06,6,0,54.4,Average
95.7,2.4,72.3,54.1,69.0,5.94,8,0,71.3,Good
100.0,1.3,50.2,100.0,44.8,9.02,8,1,57.3,Average
70.9,4.2,87.2,98.6,76.0,7.13,4,0,77.5,Good
69.8,5.6,58.4,75.0,52.2,7.89,10,2,57.2,Average
96.3,4.6,41.2,98.9,65.5,9.22,3,0,65.9,Good
98.1,3.8,66.3,71.6,64.0,3.8,4,1,60.5,Average
68.7,2.9,68.6,70.3,74.5,8.89,6,0,67.5,Good
70.1,2.1,70.6,74.8,61.2,7.18,10,0,63.5,Average
72.1,5.1,89.8,72.1,60.5,7.71,6,1,72.0,Good
57.2,5.3,64.2,70.8,93.0,5.94,6,1,68.5,Good
63.1,1.3,66.1,91.2,74.6,6.04,9,1,54.6,Average
61.9,6.3,50.3,76.3,61.0,7.78,6,1,56.0,Average
65.3,4.7,81.1,84.7,66.0,10.0,4,1,63.2,Average
75.5,6.0,70.9,89.5,96.3,8.5,6,1,72.0,Good
79.3,1.7,61.3,79.8,66.2,8.87,9,1,64.9,Average
97.7,1.6,37.5,59.4,59.0,6.83,7,1,54.8,Average
62.0,3.6,91.1,53.7,59.0,6.26,10,1,59.3,Average
89.8,4.6,48.4,76.2,61.2,6.01,8,3,53.7,Average
73.0,6.7,58.5,71.4,60.5,6.42,5,1,67.8,Good
75.3,4.9,73.7,75.3,49.5,4.23,7,1,67.8,Good
85.4,3.4,48.9,73.8,52.0,6.09,5,0,60.7,Average
60.3,2.2,44.1,100.0,56.7,6.32,5,1,42.7,Poor
81.4,5.8,34.0,54.0,79.5,6.85,10,1,61.5,Average
78.3,2.3,79.5,44.2,63.9,7.28,9,1,62.6,Average
82.9,6.4,59.3,79.0,66.7,7.61,8,1,69.5,Good
80.0,3.3,99.0,68.4,90.3,7.08,5,0,78.2,Good
100.0,6.3,52.1,78.7,90.7,6.29,10,0,79.1,Good
67.1,4.9,53.3,82.8,65.5,4.35,9,1,55.2,Average
68.6,3.6,59.0,93.3,59.9,6.29,10,2,54.1,Average
67.3,3.0,71.9,51.4,56.2,5.74,10,0,58.6,Average
68.2,3.3,60.5,65.6,81.1,7.75,4,0,66.9,Good
67.1,4.5,77.8,80.4,66.7,8.37,4,0,66.5,Good
92.6,3.9,52.3,85.6,63.8,8.41,4,1,65.5,Good
95.9,2.8,45.9,100.0,57.0,8.16,5,1,63.3,Average
68.0,3.5,39.2,88.3,57.7,6.91,7,1,60.3,Average
64.3,3.9,32.4,73.1,75.1,6.37,5,2,48.5,Poor
82.6,0.5,59.7,60.6,49.0,6.05,10,0,49.6,Poor
68.3,4.5,63.2,65.5,85.9,4.99,10,1,65.2,Good
84.9,2.2,57.9,65.1,61.5,8.49,6,0,69.5,Good
78.8,2.0,87.9,83.8,67.6,6.86,10,0,73.4,Good
54.8,1.1,87.6,77.9,48.6,5.36,9,1,52.1,Average
97.7,0.9,62.6,54.1,69.8,5.94,6,1,53.1,Average
100.0,1.6,39.3,67.5,64.7,5.89,2,2,45.6,Poor
67.4,2.7,58.9,87.2,69.2,7.16,6,1,65.9,Good
70.6,6.9,58.4,79.3,93.5,8.59,5,1,69.7,Good
80.0,3.0,57.5,82.5,72.8,6.61,7,0,63.3,Average
80.7,4.1,56.8,79.7,57.3,3.95,7,0,62.1,Average
85.2,4.4,57.5,98.4,58.6,6.84,7,2,60.3,Average
100.0,4.0,61.8,77.5,79.5,6.88,8,1,74.9,Good
73.5,3.7,57.8,68.2,90.8,6.79,4,3,49.9,Poor
64.8,1.9,71.3,60.3,74.5,6.22,7,0,64.5,Average
56.7,6.1,73.8,77.7,81.0,7.4,6,1,67.6,Good
65.8,6.7,53.4,37.4,79.8,7.19,7,1,64.3,Average
75.5,1.1,88.3,71.2,92.7,7.07,8,1,71.8,Good
100.0,2.2,52.3,70.9,38.8,7.68,4,1,55.8,Average
68.8,3.4,42.1,53.5,80.7,6.5,6,2,48.3,Poor
79.1,2.3,74.1,60.1,85.7,6.42,6,0,66.3,Good
75.8,4.6,54.9,86.1,48.6,9.03,5,0,64.6,Average
92.6,2.6,73.1,77.5,55.8,7.88,8,0,63.0,Average
100.0,7.3,29.5,75.5,56.4,8.26,5,0,73.9,Good
68.6,5.7,90.3,78.6,58.3,8.82,5,0,74.6,Good
69.1,4.1,78.8,75.4,62.3,7.84,5,0,63.6,Average
90.6,5.4,44.0,92.6,73.9,8.4,9,1,61.8,Average
85.5,5.6,44.3,75.9,83.9,4.89,6,1,55.6,Average
100.0,2.9,94.8,52.1,87.3,7.39,7,1,75.0,Good
84.2,2.5,56.2,98.5,56.6,6.84,10,2,56.1,Average
71.0,3.9,54.7,79.6,56.5,9.45,6,0,62.1,Average
84.3,5.2,31.7,65.2,91.1,8.4,9,0,69.4,Good
91.5,4.0,62.4,55.2,80.3,6.22,10,0,67.3,Good
87.5,1.3,64.4,79.9,71.3,7.62,9,2,60.3,Average
83.1,2.5,79.4,72.2,77.6,7.33,6,0,69.9,Good
90.9,3.7,45.6,97.6,69.5,7.74,8,0,69.1,Good
92.4,3.7,43.7,68.8,78.4,5.67,4,2,49.9,Poor
95.4,7.0,75.2,61.4,64.6,7.6,5,0,72.9,Good
85.1,1.6,84.1,87.4,74.3,6.78,5,1,68.2,Good
73.7,4.6,42.9,87.9,45.8,7.5,10,1,56.1,Average
78.1,6.2,85.3,76.5,59.0,6.09,5,0,77.3,Good
92.9,7.4,68.6,84.1,59.2,6.28,5,0,84.1,Excellent
64.6,3.2,85.5,73.4,64.0,8.74,4,1,65.2,Good
81.2,4.6,66.9,77.5,55.2,5.63,8,2,64.2,Average
70.5,4.7,27.6,91.5,61.5,5.73,7,2,53.6,Average
76.4,4.1,65.6,83.4,45.8,7.03,9,0,63.8,Average
93.9,3.6,85.0,71.5,78.8,6.02,8,0,75.6,Good
78.7,4.5,53.7,94.3,68.7,5.86,4,3,61.6,Average
76.7,0.5,61.8,38.5,42.7,7.25,5,1,44.1,Poor
57.0,4.9,65.2,100.0,56.6,4.99,9,2,54.0,Average
86.4,4.0,25.0,48.4,75.4,5.69,6,1,48.1,Poor
85.0,3.4,94.7,64.6,61.3,9.98,9,0,73.9,Good
100.0,7.1,53.6,73.4,58.8,7.74,6,1,65.9,Good
71.7,2.7,76.1,71.8,68.8,6.05,5,1,65.9,Good
79.1,3.2,66.6,89.1,75.5,7.69,6,2,62.4,Average
79.5,7.0,88.1,58.1,47.0,7.89,5,0,75.8,Good
98.1,2.5,74.5,77.9,78.8,8.49,5,0,72.0,Good
74.7,2.9,64.2,65.3,57.2,6.92,7,0,57.2,Average
79.9,3.6,53.7,78.4,69.7,8.47,8,0,62.1,Average
84.5,5.1,80.8,73.0,69.4,4.25,3,2,59.0,Average
78.6,4.1,38.0,75.4,61.6,5.62,6,1,56.3,Average
69.7,1.7,78.3,65.8,53.6,7.33,5,1,57.8,Average
78.7,2.9,50.4,66.3,65.4,7.56,5,1,58.2,Average
91.0,2.8,88.0,78.3,96.0,5.82,7,1,67.4,Good
61.6,3.7,70.6,88.2,48.2,7.46,5,2,54.8,Average
77.9,4.5,78.3,65.0,97.1,6.23,9,1,66.9,Good
66.2,4.5,69.3,61.0,65.8,6.71,9,2,58.4,Average
92.7,1.0,40.0,83.2,70.6,8.53,9,0,64.3,Average
54.7,5.5,54.2,73.5,52.6,8.37,6,1,52.9,Average
68.2,4.2,78.8,86.5,57.7,5.7,5,1,66.2,Good
81.3,6.0,70.7,60.4,62.0,5.62,7,0,77.0,Good
97.9,4.5,86.9,47.3,53.3,6.52,6,0,72.9,Good
75.1,5.6,74.5,66.0,66.7,7.06,5,1,64.9,Average
68.2,4.5,52.5,62.5,63.5,6.18,4,2,50.0,Average
100.0,6.0,55.3,72.8,99.6,8.56,6,0,78.1,Good
55.7,4.6,69.6,64.4,51.3,7.59,6,1,54.1,Average
45.2,3.6,31.0,85.1,71.6,7.67,8,1,52.2,Average
82.2,7.4,94.8,69.7,74.0,5.33,8,0,76.3,Good
69.0,5.2,75.1,76.3,52.9,8.73,9,0,63.2,Average
61.7,4.7,87.6,76.4,81.0,3.15,4,1,65.0,Good
85.9,1.8,42.7,76.9,63.6,8.27,7,1,56.4,Average
79.4,1.7,87.9,73.6,30.1,8.41,5,0,60.3,Average
68.1,4.3,99.0,81.7,80.6,6.49,4,0,70.1,Good
58.1,4.0,46.9,62.1,52.1,8.88,6,0,57.0,Average
88.2,2.8,80.3,95.0,53.2,7.01,9,0,68.1,Good
85.1,4.0,68.0,70.5,81.0,7.19,6,1,66.0,Good
74.6,6.3,43.3,54.3,64.4,7.58,10,0,70.5,Good
100.0,4.9,75.9,76.8,84.7,10.0,8,0,83.7,Excellent
61.0,2.0,81.3,61.2,89.4,8.98,6,0,61.5,Average
54.6,3.6,58.4,84.0,59.7,8.08,9,2,49.5,Poor
66.3,2.5,86.7,100.0,82.7,5.82,7,0,72.3,Good
75.4,3.2,41.3,62.2,57.9,7.3,5,1,47.2,Poor
79.4,3.1,44.1,79.0,100.0,5.96,10,0,60.2,Average
72.6,3.0,70.2,47.7,58.9,8.25,7,0,63.0,Average
80.9,1.8,68.4,80.8,86.4,7.3,7,0,69.5,Good
58.5,3.6,56.5,60.7,83.5,5.53,5,1,56.8,Average
96.2,2.9,81.0,64.6,75.1,7.21,9,1,69.9,Good
74.8,0.5,76.5,57.5,59.3,5.91,8,1,54.0,Average
91.6,7.1,81.7,85.0,67.6,7.31,8,0,79.1,Good
80.8,5.5,66.0,89.1,35.5,5.9,5,1,63.7,Average
82.4,3.2,77.6,74.4,73.6,7.14,8,0,76.0,Good
84.0,3.8,60.9,61.0,75.6,8.15,8,2,58.0,Average
82.3,1.9,99.0,97.8,72.1,7.03,5,0,71.1,Good
85.0,6.5,55.0,62.7,22.4,6.55,4,1,52.6,Average
94.6,6.8,99.0,41.6,49.7,7.38,8,0,73.3,Good
78.8,4.1,68.6,80.9,58.0,8.08,3,0,67.5,Good
85.9,5.4,46.0,57.4,74.7,5.55,7,2,49.2,Poor
74.7,4.1,89.9,88.8,74.6,7.46,6,0,76.7,Good
96.2,1.7,70.0,68.3,67.3,8.94,9,1,67.2,Good
66.5,3.1,81.6,83.1,80.2,7.9,6,0,64.0,Average
100.0,4.0,87.6,95.0,53.6,7.18,9,0,74.6,Good
75.4,3.1,73.4,55.9,79.8,8.0,5,1,62.3,Average
56.0,3.5,58.5,65.5,77.6,7.73,8,1,57.1,Average
77.8,3.7,83.6,72.9,76.0,8.16,10,0,75.6,Good
66.5,3.7,68.0,97.1,67.1,4.27,4,0,64.1,Average
87.8,3.9,79.0,64.1,99.3,4.93,7,1,74.3,Good
66.9,2.1,33.5,65.1,77.9,8.51,10,1,52.0,Average
69.8,2.7,75.2,81.2,54.5,4.99,7,0,59.0,Average
49.5,1.7,57.8,65.3,74.0,7.66,7,1,48.0,Poor
69.7,5.4,94.5,76.3,82.0,6.61,8,0,79.8,Good
42.1,0.5,78.0,50.7,60.6,5.71,7,0,50.8,Average
53.8,5.6,71.8,100.0,87.4,7.59,3,0,74.6,Good
86.6,6.0,75.8,53.8,76.1,7.38,9,0,76.6,Good
87.0,3.3,52.0,69.2,32.5,10.0,2,0,51.7,Average
82.0,0.5,94.0,73.5,74.8,6.23,6,1,59.7,Average
62.5,3.2,99.0,100.0,63.5,9.12,9,0,71.8,Good
75.3,3.7,74.3,54.1,78.6,7.59,6,0,64.1,Average
75.9,2.2,93.4,100.0,85.1,6.17,5,0,72.9,Good
59.8,3.0,58.9,85.4,73.1,8.22,8,0,67.5,Good
97.0,6.2,55.2,80.3,96.6,7.89,5,1,78.4,Good
88.3,4.9,68.7,59.2,67.1,7.15,4,0,67.3,Good
72.9,2.3,75.0,82.6,80.0,7.47,7,0,67.7,Good
76.4,1.2,61.7,63.1,82.9,6.26,6,0,58.1,Average
78.9,3.3,76.6,93.0,68.4,5.94,4,1,65.5,Good
47.4,3.5,72.9,59.4,82.5,8.16,8,0,64.1,Average
72.5,4.6,52.0,72.3,60.5,6.79,7,1,61.5,Average
66.5,2.9,76.3,65.7,63.2,6.99,6,1,61.6,Average
62.0,4.6,81.8,59.2,49.0,7.49,6,0,55.5,Average
72.1,6.9,70.7,85.1,73.9,7.47,7,1,70.9,Good
100.0,5.1,86.4,82.0,75.2,5.1,9,0,84.6,Excellent
85.0,3.7,48.5,92.1,88.9,8.9,6,1,65.7,Good
68.0,3.5,75.5,47.3,82.7,7.27,8,1,65.7,Good
84.0,3.2,49.3,90.0,65.4,6.82,8,3,52.3,Average
95.6,5.7,50.2,100.0,51.1,7.7,8,1,69.0,Good
88.9,2.8,57.9,67.2,76.9,7.43,7,2,54.3,Average
76.8,3.9,52.9,100.0,87.8,8.17,5,0,67.1,Good
66.9,3.9,59.2,70.1,82.1,7.85,6,1,63.9,Average
85.8,3.0,64.6,53.4,87.4,8.1,7,2,62.8,Average
81.5,1.6,81.4,69.4,66.6,8.99,10,0,68.9,Good
88.5,4.3,62.9,89.7,62.5,8.34,6,2,59.0,Average
84.9,3.7,42.6,61.4,58.2,6.88,8,0,60.1,Average
90.7,4.6,86.2,65.0,69.1,5.53,6,1,73.1,Good
68.5,2.9,54.6,82.9,68.7,9.43,7,1,66.2,Good
94.4,5.8,67.1,74.0,73.3,6.77,10,0,75.0,Good
78.8,2.4,75.1,82.8,67.9,6.44,8,1,57.8,Average
100.0,6.5,71.2,77.6,67.9,4.67,4,0,77.9,Good
66.4,1.0,85.5,81.2,57.6,7.57,5,0,61.6,Average
100.0,4.5,75.7,67.5,85.1,7.31,9,0,80.9,Excellent
78.8,4.6,54.2,77.5,71.2,4.98,7,1,62.4,Average
66.9,2.5,99.0,60.1,67.2,7.73,4,2,55.7,Average
69.2,4.5,71.1,93.3,58.0,6.4,5,0,67.6,Good
71.5,5.8,65.6,64.5,48.7,10.0,8,1,68.3,Good
81.9,0.5,83.4,90.9,90.9,6.3,8,0,70.7,Good
83.3,4.6,72.0,70.5,78.9,6.49,7,1,64.0,Average
68.0,0.5,74.4,77.0,44.0,5.88,10,0,51.9,Average
75.7,2.3,99.0,66.6,82.2,8.89,8,0,71.3,Good
100.0,6.4,63.6,58.8,84.8,6.58,6,0,74.1,Good
100.0,2.9,62.9,47.8,72.0,6.09,5,1,63.3,Average
82.1,1.9,69.9,58.2,95.6,8.09,5,2,55.4,Average
76.5,3.5,85.1,69.1,73.5,5.17,7,0,74.4,Good
77.7,7.1,43.9,77.2,47.3,7.98,6,0,61.0,Average
84.6,0.9,36.6,89.2,75.8,9.59,10,1,67.1,Good
61.7,2.1,58.6,67.3,73.9,7.89,9,2,58.4,Average
72.4,6.2,41.9,60.8,60.3,7.99,8,0,63.6,Average
52.6,6.8,61.2,52.4,79.2,8.32,4,0,59.3,Average
81.6,3.6,76.0,81.2,43.3,9.49,5,0,67.5,Good
85.1,1.8,53.7,94.7,85.8,8.79,9,1,64.5,Average
69.2,7.2,45.2,93.0,56.0,7.72,5,1,59.0,Average
98.0,6.4,69.1,84.6,54.2,8.37,9,0,78.7,Good
58.8,4.9,81.8,83.6,68.2,5.86,7,0,66.2,Good
55.5,2.5,40.9,99.5,76.9,8.19,7,1,53.9,Average
79.1,3.7,81.1,79.0,72.6,5.69,5,2,61.1,Average
90.7,3.5,81.1,83.7,58.1,6.59,6,0,69.2,Good
99.6,4.3,83.3,69.2,61.9,2.78,7,1,74.2,Good
69.6,6.1,87.5,53.6,51.9,7.66,9,0,68.3,Good
91.1,5.2,99.0,63.7,66.4,6.2,5,0,77.8,Good
75.5,2.1,62.3,73.9,87.2,8.66,6,1,62.9,Average
73.6,6.0,69.8,74.9,69.9,7.65,7,2,65.2,Good
88.4,4.3,61.3,100.0,83.8,8.67,8,0,78.3,Good
85.1,4.9,68.0,75.2,93.3,5.58,5,2,68.2,Good
53.9,6.1,92.5,91.7,60.6,8.55,4,0,74.5,Good
96.7,2.0,46.5,67.5,67.0,10.0,8,1,61.5,Average
95.3,3.7,54.2,69.3,100.0,8.17,3,2,63.6,Average
67.2,2.9,90.0,54.1,93.1,8.21,9,1,66.9,Good
81.5,1.3,84.3,62.9,43.2,7.34,6,0,58.1,Average
82.9,4.4,62.2,81.9,76.2,6.37,3,1,64.3,Average
79.6,7.8,81.7,74.1,70.0,8.17,6,0,79.9,Good
68.3,0.9,73.5,88.1,83.2,4.99,7,0,65.4,Good
66.6,3.7,92.0,76.7,58.1,6.52,5,0,68.4,Good
75.6,4.8,69.2,68.7,56.6,4.62,7,0,63.7,Average
92.4,4.0,84.4,100.0,59.2,6.11,8,0,75.9,Good
83.6,3.6,99.0,72.6,60.8,8.0,6,0,72.0,Good
70.8,1.7,77.6,91.4,83.0,7.81,5,2,61.9,Average
86.8,4.2,68.8,68.0,51.1,7.17,6,1,61.5,Average
36.1,2.6,79.6,84.6,60.0,7.34,9,1,57.2,Average
92.1,0.5,62.2,87.9,41.4,4.46,10,3,51.0,Average
51.6,5.7,99.0,77.1,86.1,6.58,2,0,71.0,Good
70.9,5.3,70.9,38.7,90.3,6.15,9,1,66.2,Good
60.3,3.9,63.6,74.3,64.8,6.18,7,1,58.0,Average
57.9,4.2,54.6,92.5,65.2,7.94,8,0,71.5,Good
92.3,5.5,85.6,81.9,77.3,5.9,5,0,77.4,Good
69.5,4.2,81.9,80.7,93.6,6.25,3,0,74.7,Good
80.9,5.2,60.0,48.2,76.5,4.18,8,0,64.8,Average
75.3,3.3,77.2,63.2,58.8,6.69,5,0,59.0,Average
82.7,5.9,43.9,80.2,44.1,5.58,4,3,47.8,Poor
77.1,4.3,71.0,80.2,52.2,7.21,4,1,65.2,Good
58.0,4.1,75.2,92.2,71.2,5.77,8,1,62.5,Average
89.9,1.8,95.3,71.8,59.5,7.25,7,0,62.7,Average
69.1,4.3,55.7,80.1,73.1,6.9,8,0,65.7,Good
54.2,2.5,47.5,74.2,61.2,9.44,8,1,49.1,Poor
70.0,2.8,53.7,59.2,53.1,7.8,6,1,53.0,Average
97.0,2.5,46.6,40.2,51.2,4.52,6,0,59.6,Average
87.9,2.1,89.4,80.5,95.0,5.33,5,0,76.6,Good
71.1,7.2,92.8,76.6,84.2,7.18,6,0,85.9,Excellent
71.1,5.9,73.1,64.7,97.7,5.8,5,0,70.8,Good
71.5,6.9,87.5,49.7,78.6,2.94,7,1,66.7,Good
100.0,1.8,70.1,83.4,63.1,8.99,9,1,63.7,Average
81.3,3.9,66.5,70.0,91.2,8.11,5,1,64.7,Average
82.0,1.7,62.7,82.4,69.5,7.83,9,0,62.7,Average
90.4,2.7,63.0,100.0,73.5,6.25,7,0,66.0,Good
79.3,2.3,43.2,41.9,69.3,7.7,7,2,52.4,Average
72.4,5.8,72.2,63.5,22.8,6.11,3,1,48.6,Poor
73.3,3.2,67.4,70.9,95.7,7.39,3,1,68.7,Good
75.0,5.5,79.9,95.8,77.9,5.81,7,2,72.6,Good
75.5,4.8,69.5,49.5,75.3,9.22,8,2,62.7,Average
86.2,7.5,65.4,100.0,69.0,4.9,5,0,72.8,Good
76.7,1.4,54.1,76.0,72.6,8.83,10,2,49.7,Poor
86.3,5.8,69.2,72.6,60.4,7.15,8,1,66.2,Good
74.9,5.6,79.8,71.0,79.9,6.41,5,0,75.1,Good
77.1,2.2,49.7,67.5,49.1,7.33,7,0,56.5,Average
48.0,5.4,69.4,89.7,73.0,8.13,10,1,62.1,Average
88.8,4.3,71.7,58.0,79.0,9.01,4,2,67.2,Good
80.9,3.4,56.5,79.2,66.8,7.54,8,2,63.9,Average
90.0,2.5,58.6,68.2,75.9,5.85,6,1,59.6,Average
35.5,2.6,71.7,62.6,54.1,7.18,8,0,54.5,Average
100.0,7.1,49.9,100.0,54.5,9.64,9,0,73.1,Good
74.0,3.8,73.6,80.3,73.8,8.99,6,0,69.3,Good
91.5,5.1,53.7,83.2,80.9,8.37,9,0,76.4,Good
61.4,2.5,85.0,91.1,40.0,8.21,10,1,62.6,Average
84.6,2.6,99.0,52.7,78.4,8.08,7,0,71.0,Good
61.3,5.5,54.2,100.0,61.3,8.72,8,1,63.6,Average
67.3,1.6,76.5,36.4,66.9,6.46,5,0,54.7,Average
100.0,3.1,56.4,62.5,48.6,5.2,7,0,60.8,Average
73.3,3.9,84.7,67.1,56.4,7.2,6,0,68.7,Good
79.0,4.0,47.8,82.7,85.5,5.96,8,2,52.2,Average
88.2,3.5,75.7,77.3,70.5,5.62,9,0,70.8,Good
82.9,4.4,54.0,71.5,63.9,6.09,6,0,65.5,Good
78.1,4.9,64.7,73.8,68.1,10.0,10,2,62.3,Average
81.1,5.0,51.5,59.3,77.8,7.29,10,4,49.9,Poor
100.0,2.2,81.2,51.5,77.0,7.61,8,1,65.2,Good
75.2,3.3,54.6,84.9,68.8,5.39,5,0,60.8,Average
78.8,5.7,76.8,84.4,87.5,4.52,5,0,74.8,Good
90.7,5.2,62.5,97.8,85.5,5.95,5,2,68.3,Good
91.5,1.6,66.2,62.1,76.6,9.11,8,1,56.0,Average
92.6,4.4,70.4,84.4,70.9,7.57,4,1,71.4,Good
84.9,0.6,55.8,69.7,80.5,7.94,8,0,61.6,Average
60.0,3.9,71.4,91.9,75.0,8.13,4,0,74.8,Good
98.9,6.8,92.5,89.3,87.0,6.27,8,0,83.4,Excellent
60.0,2.3,55.6,77.2,84.4,9.04,7,1,55.9,Average
80.2,2.5,86.7,68.9,53.7,6.21,9,0,65.9,Good
65.4,5.0,92.0,88.4,52.6,9.07,9,2,67.8,Good
75.1,1.3,54.9,83.7,58.8,7.72,9,0,53.6,Average
80.6,2.8,44.7,63.7,85.6,4.6,9,2,50.2,Average
80.5,4.8,72.8,54.1,44.8,6.05,7,0,65.6,Good
81.9,2.8,59.2,69.7,76.3,4.6,4,1,54.6,Average
98.6,3.4,97.9,96.7,75.8,8.73,4,0,86.7,Excellent
82.3,5.0,68.6,91.2,88.6,7.07,2,1,68.8,Good
72.6,4.5,55.2,57.3,72.9,3.98,4,1,52.5,Average
89.5,4.2,49.6,56.5,48.5,7.63,7,0,63.4,Average
92.7,3.3,85.4,93.1,54.7,6.35,5,1,74.0,Good
58.8,4.4,58.9,57.0,51.1,5.02,6,1,53.0,Average
84.4,3.6,68.7,81.6,61.4,9.45,7,2,66.8,Good
85.8,4.5,83.3,64.8,67.1,7.25,6,1,73.8,Good
71.8,3.0,60.3,98.3,51.4,6.69,4,2,51.0,Average
95.3,3.5,67.3,62.4,93.5,6.54,6,0,75.1,Good
73.9,2.2,67.7,91.2,48.8,4.98,5,0,55.0,Average
77.8,3.7,78.9,76.8,91.5,5.27,6,2,65.4,Good
73.6,2.5,77.5,77.8,89.0,8.9,9,0,72.1,Good
76.2,2.0,64.5,44.4,84.4,6.44,6,0,64.8,Average
60.7,4.2,69.0,41.0,58.9,7.13,10,1,60.2,Average
55.8,4.1,62.1,70.7,75.5,4.24,9,0,63.5,Average
98.3,5.1,44.4,77.7,49.6,5.25,5,1,61.1,Average
64.1,3.1,72.1,57.1,84.6,7.95,4,2,57.8,Average
62.1,4.5,98.3,57.7,68.8,7.63,6,1,66.3,Good
45.9,4.7,53.9,82.4,63.5,9.55,9,1,58.6,Average
67.1,4.5,55.6,82.4,50.4,8.98,6,1,64.4,Average
57.5,2.5,54.1,71.9,30.4,6.78,8,1,53.1,Average
99.0,4.0,79.6,85.7,53.4,7.76,9,0,74.7,Good
90.1,4.4,75.2,56.4,87.8,6.66,5,0,73.0,Good
66.4,3.8,65.5,68.7,63.6,9.98,5,1,60.9,Average
100.0,0.5,53.3,98.7,67.3,8.71,8,1,57.8,Average
89.7,4.1,69.5,75.0,80.5,7.34,7,1,67.8,Good
71.5,7.3,43.0,75.9,98.9,7.38,5,2,69.5,Good
41.0,3.2,70.3,100.0,91.2,9.12,6,1,61.4,Average
100.0,2.6,81.9,53.0,54.4,7.91,6,0,75.2,Good
56.5,4.4,48.0,85.9,38.9,9.28,3,2,53.1,Average
53.0,4.3,43.5,99.0,100.0,4.03,8,2,58.0,Average
90.3,5.7,93.3,69.1,100.0,7.75,6,0,85.6,Excellent
100.0,1.8,58.2,86.9,73.0,6.38,1,1,58.3,Average
95.4,5.0,86.2,59.3,49.7,9.56,6,0,72.8,Good
83.9,4.7,65.5,63.7,85.4,9.26,5,0,77.1,Good
84.3,3.6,65.4,79.8,68.3,7.15,10,2,59.7,Average
87.9,4.3,75.0,86.0,68.2,9.25,5,2,70.2,Good
86.6,5.4,53.9,90.8,84.3,9.6,4,1,66.0,Good
79.9,5.2,70.1,97.5,75.3,7.2,8,1,67.7,Good
77.5,2.0,61.9,73.0,51.0,10.0,5,2,59.9,Average
75.1,5.1,46.9,91.9,64.8,7.06,5,3,53.8,Average
65.4,3.7,73.4,68.9,80.6,6.8,8,1,61.5,Average
72.1,3.9,63.8,87.5,78.2,8.31,4,1,69.6,Good
52.3,3.9,65.5,77.1,74.2,6.6,4,1,62.1,Average
74.6,3.6,48.6,80.7,84.9,7.22,10,0,70.3,Good
62.2,5.7,93.5,80.4,64.2,9.07,8,0,73.7,Good
60.5,3.7,82.0,49.9,72.9,7.13,6,1,58.9,Average
78.5,2.0,83.4,57.1,20.0,4.73,6,1,52.3,Average
95.5,3.2,63.1,75.5,62.8,7.61,8,2,63.3,Average
88.9,4.1,40.3,48.7,82.2,6.13,8,0,60.7,Average
54.0,5.8,99.0,86.5,63.8,8.31,5,0,75.1,Good
62.1,4.8,67.0,87.1,62.5,8.07,7,0,68.6,Good
89.2,2.4,56.0,78.9,53.3,9.16,5,0,68.1,Good
62.2,7.8,74.7,57.2,86.1,8.37,6,2,69.1,Good
72.9,4.2,86.7,94.7,78.8,8.63,7,0,71.9,Good
83.7,5.8,67.6,100.0,83.2,6.16,6,1,72.4,Good
62.4,3.6,88.5,76.2,42.4,8.23,8,0,62.7,Average
77.5,4.7,85.3,81.7,67.4,9.86,7,0,78.0,Good
57.3,5.1,50.8,77.0,65.5,6.14,3,2,54.8,Average
67.6,5.7,57.2,82.0,65.5,9.62,4,0,68.4,Good
80.5,5.5,83.3,72.2,60.1,6.33,6,0,71.0,Good
53.7,5.2,25.0,73.5,64.5,5.91,10,0,55.6,Average
82.2,3.3,65.6,87.6,83.6,7.51,5,1,67.5,Good
75.7,2.9,45.1,100.0,39.4,8.1,6,3,45.5,Poor
83.7,4.3,60.4,53.0,98.4,8.38,5,2,57.7,Average
79.1,5.3,63.2,72.4,77.7,5.75,5,3,49.7,Poor
95.1,3.4,62.3,56.3,69.3,7.71,7,1,67.5,Good
77.8,5.5,59.2,97.9,84.5,6.14,9,2,68.4,Good
70.0,6.1,50.4,65.2,46.8,5.02,7,1,57.3,Average
77.7,2.3,99.0,52.4,59.4,5.8,5,0,69.6,Good
83.6,2.5,97.9,83.6,68.1,6.05,10,0,70.0,Good
76.7,3.6,49.4,100.0,91.8,7.83,7,2,56.7,Average
76.6,4.3,93.3,84.0,69.3,8.71,5,0,77.1,Good
66.2,3.0,61.6,77.1,77.2,5.04,9,0,64.2,Average
66.7,6.0,70.1,80.1,60.6,7.59,6,2,55.4,Average
56.4,4.5,67.0,95.2,77.8,5.45,10,0,69.9,Good
100.0,3.9,57.4,60.9,96.8,7.98,5,3,59.0,Average
58.6,1.5,83.7,72.3,85.9,6.23,9,1,58.6,Average
66.3,1.7,70.0,67.2,68.7,5.63,7,0,58.4,Average
65.9,4.2,60.4,56.5,80.8,8.22,9,1,52.8,Average
88.5,0.5,47.1,69.1,79.2,6.28,10,2,50.3,Average
71.9,5.4,53.7,90.6,78.1,6.66,4,0,66.0,Good
93.5,3.5,41.7,82.5,87.8,3.99,9,2,60.8,Average
66.6,8.5,68.2,83.7,87.7,8.43,4,1,73.9,Good
79.9,7.5,48.9,76.2,68.0,8.25,4,0,72.8,Good
64.3,3.5,63.8,81.8,80.3,7.11,5,0,56.5,Average
100.0,3.6,89.9,62.0,63.9,4.96,8,0,69.7,Good
59.4,5.4,87.2,69.4,55.2,8.79,7,0,71.6,Good
80.3,6.5,67.5,76.9,65.7,6.17,6,0,70.7,Good
84.9,1.2,66.6,78.2,68.8,6.47,7,1,62.8,Average
81.8,0.9,98.1,78.8,43.4,10.0,8,0,62.5,Average
73.4,2.8,76.3,71.9,83.8,6.11,8,2,62.9,Average
74.2,4.7,62.8,68.3,25.7,8.14,9,0,59.1,Average
76.6,4.6,45.2,100.0,100.0,7.89,10,1,67.7,Good
73.9,5.5,74.3,87.6,94.0,7.65,6,1,76.8,Good
89.5,1.9,81.3,80.2,65.8,7.49,5,1,69.2,Good
100.0,0.5,57.9,70.5,70.2,7.63,8,1,63.7,Average
68.2,5.2,72.7,67.2,74.8,7.48,4,0,75.5,Good
56.8,2.5,62.2,72.0,60.6,7.03,5,2,53.6,Average
74.8,0.6,65.1,78.4,73.1,9.22,8,0,60.9,Average
100.0,4.0,28.2,45.8,67.7,5.26,6,0,58.1,Average
64.7,5.1,64.5,50.5,68.5,8.53,4,1,57.9,Average
98.9,3.6,83.5,64.4,72.9,8.25,4,1,76.9,Good
99.5,3.1,57.9,77.1,49.0,8.08,7,0,70.2,Good
68.2,3.5,68.8,70.4,70.6,8.66,9,1,62.4,Average
84.0,3.2,55.9,96.2,72.6,6.97,9,1,68.5,Good
98.8,1.6,73.8,51.8,72.1,4.48,7,2,51.9,Average
70.7,2.7,64.5,62.7,66.5,7.0,10,0,63.3,Average
73.1,4.6,53.0,96.8,88.2,5.71,6,0,66.3,Good
67.9,4.3,89.3,76.0,64.3,6.08,6,0,63.6,Average
61.8,4.1,82.9,87.3,73.6,5.36,1,0,69.7,Good
66.9,2.2,58.3,100.0,90.8,6.43,6,1,65.6,Good
58.9,3.5,76.0,63.6,68.7,6.26,8,1,60.8,Average
76.5,0.5,76.6,72.5,73.4,3.77,10,1,57.4,Average
65.2,4.1,78.3,69.9,68.5,8.08,5,1,58.8,Average
79.3,6.1,40.9,44.7,89.8,10.0,7,3,51.7,Average
54.2,1.4,84.1,69.3,65.9,7.95,9,0,58.8,Average
80.6,2.9,58.9,87.2,90.5,6.82,7,3,56.7,Average
87.7,4.3,62.3,82.1,68.3,7.02,2,0,71.9,Good
48.1,5.8,99.0,83.3,56.2,6.51,7,1,70.7,Good
81.2,3.1,72.8,68.4,80.9,7.23,8,1,59.8,Average
93.2,2.7,61.8,64.2,65.1,7.05,5,1,57.9,Average
59.1,0.6,32.7,93.0,79.9,5.92,6,1,46.6,Poor
99.4,4.0,90.2,66.5,26.3,9.46,4,0,61.1,Average
81.9,7.1,46.5,78.4,70.1,5.02,1,2,60.6,Average
66.1,4.2,51.9,76.5,62.6,8.11,9,2,54.5,Average
75.2,3.8,62.7,95.9,53.0,6.96,6,1,61.5,Average
83.8,4.3,90.7,88.6,61.1,9.76,10,0,83.5,Excellent
77.1,3.8,80.4,54.6,60.8,7.58,8,0,67.2,Good
83.5,2.5,65.5,56.2,69.2,6.6,6,2,52.9,Average
63.1,5.1,72.9,82.7,48.1,6.75,6,1,63.3,Average
78.4,4.2,58.4,73.0,75.1,7.16,8,1,67.3,Good
56.2,3.8,70.2,67.2,91.9,5.5,8,0,66.6,Good
74.4,2.2,69.2,89.2,74.5,6.03,7,0,68.7,Good
63.3,5.9,83.5,76.8,82.9,4.6,9,0,72.9,Good
65.7,4.9,83.5,74.8,87.5,5.81,6,0,72.0,Good
93.3,2.9,75.9,85.7,89.8,7.23,5,0,75.4,Good
91.3,5.4,62.2,68.4,99.9,7.52,6,0,73.4,Good
84.5,3.0,79.9,97.5,62.0,4.33,7,0,68.0,Good
60.7,2.5,66.5,62.2,58.5,6.91,4,1,57.5,Average
71.6,2.6,50.7,83.9,82.5,7.89,4,0,70.3,Good
93.0,1.0,61.5,95.5,81.3,6.87,7,1,70.3,Good
78.0,4.6,69.4,53.3,82.4,6.21,6,2,54.9,Average
100.0,0.9,82.6,68.8,100.0,6.52,6,0,68.1,Good
81.5,1.8,65.1,91.1,70.2,6.34,6,2,53.3,Average
78.7,0.5,48.7,91.4,76.8,6.21,10,2,53.9,Average
71.7,3.7,68.9,71.4,54.3,7.34,9,0,54.8,Average
77.9,3.6,69.8,63.0,100.0,10.0,4,0,70.1,Good
73.9,3.3,71.0,88.3,64.6,6.06,5,1,67.1,Good
85.9,2.1,82.7,91.8,65.1,6.65,8,0,74.6,Good
89.4,1.9,84.3,56.5,64.5,7.03,8,0,65.3,Good
65.0,4.5,58.5,55.9,59.7,6.14,6,0,57.5,Average
57.4,2.9,58.1,77.4,58.3,8.64,4,1,56.4,Average
50.3,4.3,51.4,83.4,61.6,3.78,5,0,59.3,Average
83.1,2.4,79.2,69.5,48.1,6.36,5,2,53.2,Average
60.6,4.1,91.2,84.2,57.4,8.25,7,0,69.5,Good
45.9,5.9,63.0,63.3,100.0,6.69,10,2,58.4,Average
81.4,4.7,64.1,42.3,81.8,5.95,5,0,60.3,Average
100.0,3.1,91.5,67.6,84.8,7.72,4,0,76.0,Good
75.9,4.2,76.1,74.9,88.8,8.37,6,0,72.6,Good
87.7,3.4,75.0,69.9,99.3,7.39,9,3,59.2,Average
77.1,3.8,48.9,56.6,41.7,5.98,4,0,56.6,Average
74.6,3.3,78.9,46.8,50.3,7.74,9,1,60.6,Average
88.9,3.5,53.1,66.3,57.1,6.54,6,2,56.5,Average
71.9,4.1,49.9,87.5,62.5,8.14,5,1,57.1,Average
79.7,2.2,62.5,92.8,65.2,9.18,3,0,58.9,Average
80.5,2.2,58.6,91.8,62.8,3.45,8,2,55.6,Average
66.6,1.6,64.5,61.8,73.5,7.26,6,2,48.8,Poor
89.9,1.2,44.9,56.7,70.6,4.67,7,1,48.8,Poor
73.6,1.9,83.3,81.4,58.4,10.0,5,0,63.0,Average
65.4,4.1,86.0,83.5,35.2,6.44,6,2,55.6,Average
83.5,2.4,36.8,80.0,54.1,8.14,6,3,51.6,Average
63.4,4.6,83.7,43.8,61.2,7.05,6,0,61.9,Average
76.4,3.9,55.0,61.0,66.0,5.98,5,2,48.8,Poor
75.9,0.7,81.7,73.6,51.9,5.81,3,0,61.2,Average
91.2,4.8,66.9,81.3,62.1,9.32,10,0,75.4,Good
82.6,5.1,68.5,85.5,51.9,8.44,4,0,62.4,Average
75.6,2.2,65.0,76.2,68.0,9.82,7,0,68.1,Good
87.4,4.5,87.4,79.0,52.8,7.18,3,0,79.1,Good
95.5,2.4,48.2,75.3,56.4,7.5,3,1,47.9,Poor
83.8,4.0,77.7,84.3,49.1,6.73,7,0,64.9,Average
76.1,1.8,85.6,78.7,67.5,6.7,7,0,57.4,Average
57.6,0.9,79.5,75.0,56.1,5.64,9,0,58.0,Average
61.1,3.2,99.0,70.0,84.5,7.22,7,2,67.4,Good
71.7,3.6,59.5,75.2,76.5,6.0,6,2,56.5,Average
67.5,3.2,83.3,81.3,68.9,7.72,5,0,73.3,Good
73.4,1.9,66.3,78.0,57.2,7.34,9,2,57.3,Average
76.8,3.2,87.7,79.7,76.1,7.5,8,0,79.2,Good
83.4,4.2,67.9,94.1,81.1,9.45,4,1,74.9,Good
75.0,3.7,61.8,78.0,72.3,7.05,7,3,53.1,Average
82.8,4.1,88.9,64.3,95.7,8.16,7,0,77.7,Good
76.9,2.7,60.1,87.3,77.4,9.97,6,1,61.6,Average
48.3,5.7,45.4,53.5,84.6,8.93,8,1,56.9,Average
62.8,1.9,59.7,57.8,72.1,8.71,8,0,59.3,Average
74.0,4.6,77.9,79.0,80.8,6.67,6,1,68.0,Good
59.1,5.7,90.3,81.7,57.3,7.42,6,2,68.1,Good
84.4,4.6,69.8,55.3,62.7,5.25,9,0,65.3,Good
97.4,3.5,89.1,68.3,75.6,7.8,8,1,69.5,Good
93.1,3.0,46.3,64.9,75.5,7.48,7,2,53.4,Average
73.0,5.5,60.9,66.7,78.1,7.13,3,0,69.4,Good
96.9,1.5,63.4,88.2,87.6,8.54,7,0,67.2,Good
78.1,2.2,66.2,84.6,47.2,5.41,8,1,56.5,Average
71.3,3.2,69.3,73.7,54.4,9.39,1,1,63.1,Average
67.4,5.8,79.1,65.8,73.7,8.36,7,0,73.3,Good
71.8,4.4,60.9,53.8,58.4,7.0,6,3,48.7,Poor
70.6,2.3,70.2,95.3,100.0,6.89,6,1,67.0,Good
78.4,3.3,67.3,82.9,78.3,7.77,5,0,65.4,Good
78.2,2.8,53.2,63.4,68.7,9.23,6,1,55.3,Average
76.0,2.7,66.2,84.8,61.8,7.24,9,0,65.3,Good
82.1,5.4,65.7,72.9,62.3,7.3,6,1,66.4,Good
92.7,1.6,65.4,69.7,70.5,7.13,8,2,61.2,Average
89.3,6.4,68.5,80.5,71.8,9.59,5,2,69.7,Good
55.2,5.1,69.2,62.9,62.7,6.58,8,0,67.9,Good
40.2,5.5,61.1,68.8,65.6,7.06,7,1,62.0,Average
89.1,3.1,88.4,75.8,91.5,9.15,7,0,81.3,Excellent
56.9,3.6,49.3,66.5,92.2,7.31,7,1,62.0,Average
72.9,1.5,56.5,84.0,74.0,8.69,8,0,60.1,Average
59.6,3.0,99.0,100.0,48.5,5.82,1,0,62.1,Average
50.8,4.6,51.4,62.7,78.6,6.81,4,1,56.3,Average
83.6,5.9,46.3,49.0,94.9,9.18,7,0,65.5,Good
86.6,2.0,79.8,44.0,91.9,6.15,2,0,64.2,Average
67.9,3.2,34.8,71.7,81.8,6.89,5,1,56.6,Average
39.7,3.6,64.2,64.1,92.8,7.46,6,1,62.0,Average
68.4,1.6,99.0,77.1,70.9,5.72,5,0,66.3,Good
81.5,4.7,43.3,76.0,80.0,6.52,5,1,59.1,Average
55.3,2.6,36.3,50.0,59.1,7.26,7,1,46.1,Poor
78.6,3.5,44.0,46.8,74.7,7.17,9,2,48.1,Poor
75.8,3.1,82.4,78.4,91.3,8.89,5,0,73.2,Good
84.1,2.5,86.0,76.0,60.6,9.26,5,0,70.2,Good
77.7,3.8,59.8,67.6,56.2,5.9,5,2,52.9,Average
62.4,3.5,78.9,49.1,71.6,7.26,2,1,57.7,Average
92.8,3.2,90.2,81.1,66.4,8.04,7,0,72.7,Good
73.8,2.6,96.6,93.1,80.4,9.22,8,0,74.8,Good
75.6,4.3,64.1,78.2,62.7,8.11,9,0,65.8,Good
62.9,6.4,31.2,61.3,97.5,7.51,5,2,50.0,Average
69.8,4.0,54.9,74.7,49.4,8.03,4,1,57.1,Average
63.6,5.4,61.2,53.5,90.1,8.04,7,0,70.6,Good
73.6,1.6,63.9,89.9,57.8,5.8,8,1,60.3,Average
100.0,4.1,65.0,75.2,41.3,7.37,7,2,58.9,Average
56.8,2.0,85.9,47.5,73.8,9.14,7,0,59.8,Average
53.4,1.4,88.4,69.5,65.9,6.81,9,0,64.7,Average
96.6,2.6,65.3,80.9,52.2,7.28,5,0,68.3,Good
73.1,5.7,85.6,69.0,43.1,6.76,6,1,65.3,Good
66.6,5.3,73.7,69.9,69.9,3.86,10,1,69.7,Good
90.6,4.2,69.0,55.6,85.6,7.13,6,1,66.7,Good
67.5,1.3,82.5,82.5,79.4,7.52,4,0,65.1,Good
100.0,3.5,69.2,64.3,70.9,6.38,5,0,67.9,Good
85.5,4.3,99.0,41.7,77.7,5.48,5,0,66.2,Good
69.2,4.1,45.0,68.4,69.6,5.87,7,2,54.0,Average
100.0,0.8,59.8,88.7,47.1,8.17,5,1,58.8,Average
67.5,2.4,66.0,68.2,47.3,9.86,7,3,50.1,Average
86.4,3.7,75.0,100.0,66.7,9.04,5,0,81.1,Excellent
80.2,4.7,88.3,80.4,67.4,5.22,2,0,70.0,Good
94.2,0.5,67.6,79.1,83.6,8.3,7,1,56.4,Average
97.9,3.5,45.2,72.1,82.1,6.17,7,0,68.8,Good
76.4,4.0,81.5,73.0,79.7,6.28,8,0,72.5,Good
65.5,5.2,80.1,70.0,65.5,6.45,5,1,61.4,Average
82.4,4.9,36.9,69.5,47.9,8.09,5,3,49.1,Poor
66.5,4.7,67.9,82.0,76.6,8.44,7,0,73.1,Good
100.0,2.5,42.6,60.0,78.4,6.96,10,3,49.3,Poor
77.9,0.7,57.4,57.9,31.8,6.99,7,1,46.1,Poor
70.9,3.2,53.6,57.2,56.7,7.75,7,0,63.2,Average
78.6,5.4,80.9,100.0,58.9,7.9,6,0,73.3,Good
57.1,6.0,69.9,82.0,71.9,8.75,3,0,69.5,Good
62.4,4.9,47.4,78.6,57.1,5.3,8,1,46.5,Poor
92.8,4.5,82.1,58.1,69.4,7.13,8,0,68.0,Good
66.8,4.4,45.1,83.4,66.6,5.6,8,1,58.1,Average
61.3,2.9,73.3,72.3,67.5,7.03,6,3,55.1,Average
83.5,3.6,55.0,77.2,58.5,6.78,8,1,55.6,Average
92.6,6.5,62.1,59.4,59.8,7.03,8,1,67.4,Good
86.1,2.3,76.1,76.4,52.7,5.98,10,0,64.9,Average
89.9,6.4,76.3,67.6,76.1,5.02,8,0,79.0,Good
65.4,3.3,89.4,62.5,79.1,4.17,7,0,62.2,Average
56.1,5.9,66.7,85.0,57.7,6.92,4,2,58.8,Average
97.0,1.5,72.9,50.9,94.3,6.5,7,0,66.2,Good
71.5,4.7,61.0,82.5,65.0,6.15,7,1,63.0,Average
72.5,2.6,70.9,84.3,94.5,8.95,8,1,68.5,Good
94.6,1.5,75.0,60.8,59.7,5.9,9,0,63.7,Average
83.8,4.1,66.4,61.7,37.6,9.08,6,1,61.1,Average
82.4,5.4,39.1,70.7,76.4,9.37,10,0,69.0,Good
100.0,2.4,73.3,78.2,74.0,4.37,3,0,67.7,Good
67.0,1.4,73.8,71.7,70.6,7.23,7,1,56.9,Average
89.0,3.7,57.1,80.5,59.7,6.54,5,1,61.7,Average
76.8,3.7,47.4,100.0,69.4,3.02,3,1,58.2,Average
79.8,4.7,91.6,66.4,61.8,5.08,6,0,67.1,Good
97.4,5.3,75.9,48.3,65.2,8.18,4,1,66.3,Good
83.1,3.7,64.3,86.4,83.5,9.93,6,2,61.8,Average
83.5,6.8,49.8,99.2,72.9,8.36,7,1,71.4,Good
91.0,4.2,54.9,79.9,79.8,7.55,9,2,61.7,Average
70.9,3.2,88.8,57.7,66.3,7.07,3,0,68.0,Good
64.3,1.2,70.2,72.1,64.5,9.46,8,0,64.1,Average
61.4,3.4,59.2,57.2,51.5,10.0,7,0,55.5,Average
48.5,3.3,76.2,83.6,64.1,6.28,9,1,59.3,Average
100.0,5.3,55.0,53.7,20.0,4.3,6,1,56.9,Average
60.6,4.5,92.0,69.5,60.6,4.16,4,1,60.6,Average
72.9,1.9,89.6,58.9,68.7,8.95,4,1,59.3,Average
72.1,4.1,60.5,75.9,79.0,7.03,4,3,50.1,Average
80.3,4.9,57.9,68.5,65.7,7.36,7,1,65.8,Good
87.4,6.2,26.1,76.7,75.6,4.59,9,1,64.2,Average
88.0,5.2,44.3,74.3,35.1,6.05,5,0,59.3,Average
67.8,5.0,46.6,59.2,69.1,6.69,8,1,59.8,Average
73.7,3.9,70.2,83.4,43.1,7.39,3,2,44.8,Poor
80.0,4.4,62.8,73.3,50.7,6.54,7,0,69.2,Good
72.5,5.8,46.5,59.2,67.0,5.65,8,3,49.8,Poor
98.5,1.7,63.5,100.0,90.4,6.0,4,3,60.2,Average
82.9,3.2,76.1,81.1,75.9,8.79,6,1,67.2,Good
86.3,2.6,76.4,71.7,70.3,7.44,8,0,74.3,Good
85.3,4.4,37.6,95.2,69.7,7.96,1,0,61.1,Average
92.4,5.8,65.9,100.0,58.6,5.84,9,0,80.7,Excellent
78.5,2.8,45.9,71.8,61.3,2.96,7,0,57.5,Average
57.8,0.5,82.4,79.2,76.8,6.37,8,0,64.5,Average
81.6,3.1,80.5,59.2,47.8,5.89,6,0,61.8,Average
66.9,5.3,53.6,71.8,79.5,7.59,3,2,52.6,Average
68.6,4.7,55.7,71.0,63.8,10.0,8,1,65.4,Good
84.2,4.5,60.6,76.8,83.2,8.07,6,0,72.7,Good
93.3,3.4,32.0,79.0,85.4,10.0,7,1,68.4,Good
76.3,1.8,73.4,82.4,43.2,7.9,9,2,54.5,Average
80.3,4.6,63.6,77.6,60.7,6.22,8,1,62.0,Average
99.8,2.5,83.5,55.8,56.3,7.59,10,0,74.8,Good
79.4,7.3,50.4,59.9,41.0,9.59,7,2,64.8,Average
100.0,4.7,58.1,65.8,53.5,9.66,5,1,65.2,Good
83.9,2.9,43.9,69.8,100.0,6.29,6,2,54.5,Average
51.3,2.8,51.9,89.8,79.8,7.45,7,0,63.9,Average
86.5,3.7,49.1,56.6,100.0,5.1,9,2,57.8,Average
81.3,3.4,83.9,68.6,83.3,8.25,4,0,74.3,Good
94.1,5.6,56.8,88.3,58.1,9.27,7,2,64.8,Average
85.4,4.1,70.0,69.5,63.9,7.16,10,0,75.4,Good
74.1,2.6,61.9,80.9,79.4,6.17,6,2,54.2,Average
58.9,6.8,47.7,71.9,77.0,7.6,8,3,56.4,Average
73.1,3.9,65.3,77.9,60.8,7.68,7,0,64.2,Average
64.1,5.0,77.6,70.6,45.8,7.21,8,2,56.5,Average
67.9,2.8,48.7,84.0,100.0,7.35,5,0,63.8,Average
84.2,4.4,80.9,50.8,67.7,6.86,5,0,70.9,Good
99.4,4.3,54.4,68.6,64.8,8.49,7,1,68.7,Good
81.5,0.8,60.3,78.4,71.8,8.13,3,3,51.2,Average
59.3,7.0,76.5,82.0,66.1,5.72,6,1,66.5,Good
82.2,5.9,57.4,96.4,72.0,5.69,7,1,69.0,Good
92.8,3.2,68.6,68.1,90.6,6.74,10,1,72.2,Good
67.5,2.0,63.0,96.2,68.0,8.13,7,3,56.0,Average
74.1,4.4,70.1,64.1,51.4,7.31,8,1,51.4,Average
76.2,3.9,29.9,93.9,67.4,6.2,9,1,56.7,Average
65.0,4.4,38.7,86.3,62.6,7.47,5,1,55.1,Average
85.1,4.1,77.9,60.3,92.8,6.64,6,0,75.2,Good
74.3,4.6,84.6,78.6,88.7,8.33,10,1,73.8,Good
81.9,6.1,53.4,73.2,71.7,7.57,6,0,72.3,Good
63.6,4.7,64.1,83.4,49.5,6.66,9,0,60.4,Average
69.9,2.1,72.7,70.7,50.4,7.42,8,2,53.9,Average
86.1,6.0,79.1,69.4,70.2,8.94,4,0,78.8,Good
70.8,6.4,35.6,94.5,75.4,6.3,7,1,58.0,Average
100.0,8.5,53.8,72.5,64.0,7.66,7,0,86.0,Excellent
70.4,2.0,62.7,86.4,62.3,7.0,7,0,66.3,Good
79.1,4.2,79.3,70.6,60.5,7.7,5,0,68.9,Good
89.1,0.5,99.0,99.0,69.6,6.18,4,0,69.2,Good
56.1,4.7,64.4,63.8,31.9,7.25,6,2,47.9,Poor
51.3,2.9,45.5,64.8,52.4,8.65,6,1,48.8,Poor
54.6,6.9,74.4,96.9,60.0,5.79,9,0,73.2,Good
93.7,2.6,89.1,67.3,89.3,5.24,10,0,80.4,Excellent
68.3,1.1,69.7,98.0,57.0,5.29,9,1,56.1,Average
100.0,3.0,53.5,87.4,72.9,5.46,8,1,66.9,Good
68.1,0.6,83.3,71.7,73.6,7.93,4,2,50.3,Average
78.6,5.0,78.6,46.8,90.8,5.13,6,1,64.6,Average
97.6,0.5,51.6,73.7,90.2,6.68,7,1,62.0,Average
100.0,3.8,74.1,75.5,69.1,7.97,5,1,71.9,Good
100.0,0.5,84.0,91.5,62.4,7.68,8,0,68.9,Good
92.9,3.3,86.9,97.8,59.4,6.56,8,0,74.0,Good
90.3,6.4,66.9,63.7,66.1,7.37,8,0,78.5,Good
84.3,4.4,62.3,86.0,63.1,7.25,9,0,74.5,Good
86.9,2.4,87.6,85.5,78.9,6.79,5,0,73.9,Good
68.3,3.8,48.6,90.1,76.7,6.8,8,0,57.2,Average
64.5,3.8,75.0,81.5,79.5,10.0,5,0,79.5,Good
76.0,4.6,46.1,44.9,90.1,8.23,5,2,55.2,Average
73.6,1.6,85.0,71.7,99.8,10.0,8,2,64.5,Average
69.7,4.7,63.9,56.7,72.0,6.4,9,1,59.2,Average
85.7,0.5,88.3,71.0,87.6,6.98,7,1,67.2,Good
89.4,2.8,75.9,88.7,64.4,5.24,7,0,70.9,Good
77.2,3.0,48.4,78.6,89.0,5.97,7,2,59.9,Average
96.7,4.8,90.8,91.2,87.0,9.76,7,0,82.4,Excellent
60.0,3.8,92.8,79.1,86.1,6.37,4,0,70.0,Good
73.3,1.6,82.1,54.5,71.5,9.79,4,0,71.3,Good
66.0,2.2,55.8,36.2,59.3,5.36,6,0,51.6,Average
49.9,4.1,63.1,76.2,47.7,5.63,7,0,56.6,Average
74.8,3.7,70.3,70.8,69.4,6.62,7,0,63.2,Average
74.3,2.9,56.7,59.3,94.5,7.01,8,0,66.8,Good
97.2,3.0,95.1,48.5,65.0,8.39,6,0,75.9,Good
84.8,4.9,70.3,63.0,82.6,7.73,8,0,76.1,Good
61.7,3.0,25.0,71.1,83.5,6.52,6,4,37.5,Poor
100.0,3.7,73.4,84.0,65.5,6.91,10,0,76.1,Good
93.1,7.3,62.4,76.8,91.1,6.65,7,0,85.4,Excellent
84.1,1.5,66.8,98.1,23.5,5.82,10,1,60.2,Average
72.8,0.8,62.1,58.5,50.4,5.86,7,2,42.7,Poor
62.6,5.1,80.9,87.2,55.3,8.54,6,0,61.3,Average
70.8,2.7,85.9,74.7,56.9,4.54,5,1,60.4,Average
91.2,3.3,72.5,84.4,75.4,9.36,4,0,76.2,Good
100.0,2.6,62.6,67.5,74.6,6.62,5,0,63.5,Average
97.6,3.4,67.3,90.1,76.3,6.02,5,0,72.3,Good
69.2,6.4,68.3,78.4,79.5,8.14,7,1,69.0,Good
60.3,5.1,55.2,63.8,54.8,9.18,5,1,57.2,Average
78.0,5.2,77.3,73.8,50.5,8.66,7,1,64.6,Average
51.2,1.5,75.4,70.4,76.3,7.8,9,0,66.1,Good
80.5,2.0,92.6,81.3,59.9,8.62,6,0,71.0,Good
73.9,0.5,88.1,56.3,44.9,4.7,10,0,54.9,Average
69.5,2.5,57.0,73.6,85.5,6.37,4,1,61.0,Average
53.7,5.3,81.1,79.9,92.3,5.82,6,1,63.1,Average
83.2,4.6,52.8,74.5,94.9,8.81,5,1,72.1,Good
68.5,3.4,79.1,94.2,73.0,6.56,8,0,74.3,Good
59.6,3.8,59.7,85.6,80.0,8.28,2,2,61.3,Average
35.8,2.7,51.6,73.9,91.9,7.85,4,2,48.0,Poor
75.6,4.1,72.5,77.3,59.7,5.89,6,0,64.5,Average
100.0,5.0,25.2,78.4,87.8,6.28,10,3,57.3,Average
99.3,1.2,40.0,80.0,74.4,8.91,7,1,59.7,Average
69.6,4.3,65.2,46.6,84.6,6.01,4,1,56.5,Average
67.6,5.3,69.3,69.5,73.0,7.27,4,0,65.6,Good
82.6,3.1,62.1,51.7,90.7,6.0,10,1,61.3,Average
62.0,4.9,42.7,93.2,73.6,6.66,5,0,59.1,Average
80.2,8.3,54.9,73.1,46.3,7.04,5,1,67.4,Good
86.7,3.6,74.3,71.1,93.2,6.0,9,0,73.5,Good
93.2,4.4,77.3,87.5,54.8,5.76,9,1,68.1,Good
74.6,2.6,67.7,80.3,90.0,7.5,9,0,66.1,Good
73.1,4.1,86.5,57.1,68.6,5.92,5,1,59.0,Average
63.7,4.5,74.4,72.9,88.8,5.97,3,0,74.7,Good
64.4,4.1,56.0,69.0,88.2,5.79,7,1,57.9,Average
72.8,2.2,63.5,47.8,76.9,6.99,7,1,58.2,Average
81.1,4.1,45.6,63.6,78.1,8.42,7,1,61.5,Average
88.8,6.1,66.3,71.2,76.8,9.21,9,0,67.3,Good
64.8,4.5,85.8,72.3,37.8,6.08,3,0,68.8,Good
96.9,5.3,79.0,51.8,71.9,10.0,8,0,79.1,Good
72.2,3.4,90.4,91.3,52.1,5.69,4,0,65.3,Good
75.7,5.0,63.2,72.5,72.7,8.62,8,0,70.2,Good
65.5,4.2,89.5,74.6,51.7,6.09,6,1,58.7,Average
42.1,2.3,64.9,80.0,51.0,5.88,5,1,55.5,Average
88.4,4.3,91.5,62.2,95.7,6.06,5,0,73.6,Good
86.3,2.2,67.7,80.8,87.1,7.03,4,0,66.9,Good
72.1,2.8,79.3,68.5,69.9,7.91,7,0,64.5,Average
76.9,4.1,91.6,60.6,73.0,8.04,5,0,72.1,Good
83.2,4.3,64.9,82.6,66.0,5.78,8,1,69.8,Good
54.1,1.9,71.5,96.4,79.1,5.71,8,1,66.3,Good
68.6,5.5,88.6,84.9,59.2,5.82,10,1,68.2,Good
87.1,4.7,65.9,87.8,85.9,6.94,7,0,76.5,Good
58.4,2.7,46.9,66.2,66.0,6.81,8,3,43.8,Poor
80.1,1.3,99.0,50.0,63.3,5.77,9,0,62.2,Average
57.0,3.6,60.5,96.4,70.3,7.48,5,0,72.7,Good
82.5,3.1,70.5,100.0,60.5,10.0,4,1,71.9,Good
75.5,4.0,86.5,97.1,75.3,6.39,7,1,71.9,Good
53.4,3.2,58.3,69.0,61.4,6.49,4,1,57.3,Average
92.3,0.6,51.9,56.7,77.5,7.88,10,1,61.9,Average
65.7,3.2,72.1,58.0,89.5,6.32,9,2,58.4,Average
64.7,3.3,39.3,48.7,58.5,8.04,10,2,47.5,Poor
78.8,4.8,63.4,72.4,67.9,6.09,7,0,72.7,Good
92.1,2.7,71.9,98.1,77.4,9.66,8,1,69.1,Good
61.8,6.5,63.7,71.9,63.0,7.58,6,2,65.1,Good
76.9,0.7,43.3,78.5,77.4,6.23,8,2,49.0,Poor
82.0,5.9,93.5,94.6,78.9,6.28,4,0,85.9,Excellent
85.7,3.4,69.7,67.9,87.3,6.38,1,2,59.8,Average
78.5,5.2,90.9,100.0,60.3,9.02,5,0,79.5,Good
70.9,3.9,63.8,100.0,54.9,5.32,4,0,64.1,Average
64.4,5.6,53.9,72.0,65.1,6.16,9,1,58.4,Average
77.2,3.2,72.3,65.3,54.5,6.31,10,0,63.3,Average
61.0,2.0,64.5,84.5,79.0,7.08,4,0,66.7,Good
35.1,6.1,49.2,68.8,51.4,6.72,9,2,40.1,Poor
82.1,3.6,91.5,56.7,100.0,5.01,8,0,70.1,Good
88.7,4.2,58.0,93.2,90.7,6.54,3,1,65.9,Good
42.9,5.8,38.6,92.2,70.2,6.96,6,2,48.3,Poor
61.9,2.1,89.3,76.3,83.9,6.22,5,0,72.3,Good
84.7,4.8,59.9,55.1,43.8,8.06,8,2,59.9,Average
100.0,2.9,58.3,55.6,100.0,8.39,4,0,72.5,Good
76.3,3.6,39.8,75.6,60.6,6.99,6,2,48.8,Poor
65.8,3.9,95.9,66.5,68.1,7.42,5,1,70.4,Good
73.4,1.4,47.4,68.9,40.3,4.07,7,1,40.3,Poor
95.2,2.6,68.9,89.3,77.8,6.51,6,0,79.1,Good
67.0,6.0,82.6,85.0,52.3,8.51,5,0,69.5,Good
64.8,5.2,74.7,94.7,71.6,6.51,6,1,66.6,Good
69.2,3.7,67.0,59.1,61.3,6.07,10,2,53.0,Average
62.7,4.2,40.8,68.9,52.8,10.0,6,1,50.2,Average
77.7,3.3,55.0,85.4,57.1,9.65,4,1,67.0,Good
98.7,6.0,71.0,80.7,73.6,7.75,8,0,81.9,Excellent
80.5,3.5,55.4,97.0,49.5,8.69,6,1,66.0,Good
72.5,4.2,71.3,80.3,58.0,3.98,4,4,43.1,Poor
71.9,5.6,78.9,100.0,80.6,6.0,10,0,78.6,Good
54.1,2.6,83.4,82.1,100.0,6.44,6,2,62.9,Average
88.4,6.3,48.4,89.9,77.6,6.77,6,2,66.0,Good
74.9,1.4,99.0,69.1,55.3,6.41,7,1,57.8,Average
73.5,6.4,80.3,74.2,64.1,3.53,10,0,75.6,Good
100.0,3.2,68.0,87.7,70.5,7.64,3,0,72.3,Good
80.2,3.4,85.4,98.2,64.4,7.86,7,0,71.0,Good
65.5,0.8,99.0,84.9,84.4,9.34,10,0,66.8,Good
70.0,3.1,45.0,72.8,73.5,6.0,7,1,57.4,Average
92.1,2.1,64.4,94.7,84.5,5.88,4,0,78.2,Good
77.6,2.8,29.9,41.1,65.0,3.35,5,2,36.6,Poor
55.9,3.6,71.1,52.7,91.2,6.69,7,0,64.3,Average
88.9,5.3,73.8,84.2,67.3,8.36,9,0,80.7,Excellent
66.6,4.1,67.4,74.2,54.5,6.24,6,1,53.9,Average
100.0,4.3,57.5,83.1,100.0,10.0,8,0,77.9,Good
91.1,2.0,35.2,75.0,40.8,6.74,4,1,46.7,Poor
69.7,2.4,74.0,82.6,58.2,7.31,4,0,66.5,Good
93.9,6.7,91.3,61.8,60.0,5.19,6,1,76.9,Good
76.9,2.6,58.5,82.6,100.0,7.5,9,2,62.9,Average
87.9,6.4,75.0,88.9,98.9,4.33,7,0,77.7,Good
82.8,3.4,42.9,92.3,93.9,8.07,7,2,60.1,Average
64.2,3.8,75.3,100.0,64.7,8.11,7,1,64.0,Average
67.0,5.5,61.7,77.7,100.0,9.0,9,0,71.6,Good
90.4,5.8,55.8,78.1,75.9,5.67,5,1,66.5,Good
71.3,3.6,55.8,51.2,85.6,7.32,8,1,61.2,Average
70.3,3.2,61.7,66.0,72.9,7.89,5,1,60.6,Average
62.6,3.7,74.1,71.1,69.2,7.72,10,1,63.0,Average
81.9,4.3,47.0,89.8,66.0,5.89,5,1,60.9,Average
100.0,5.2,61.6,64.8,66.6,3.75,5,0,67.8,Good
61.1,3.8,67.3,85.9,79.7,7.59,8,2,55.7,Average
76.3,4.8,50.4,74.0,75.9,6.89,7,0,66.8,Good
95.8,6.4,96.7,71.3,69.5,6.31,7,1,75.4,Good
74.9,4.4,54.3,77.7,94.2,8.17,7,1,61.8,Average
82.3,4.3,57.3,68.1,22.5,7.04,4,0,58.8,Average
61.1,1.4,52.3,67.6,78.2,5.25,10,1,50.4,Average
82.0,0.5,96.8,48.4,81.5,4.4,8,0,66.0,Good
73.4,4.4,76.8,70.3,88.4,5.52,9,1,70.8,Good
89.8,3.6,53.0,66.8,69.0,10.0,5,1,59.5,Average
92.6,3.0,85.7,66.3,73.3,8.11,7,0,73.6,Good
100.0,4.2,71.2,80.3,85.8,7.36,7,0,70.9,Good
84.1,3.7,72.1,83.9,93.9,6.85,9,0,80.9,Excellent
80.6,5.6,62.5,77.5,65.2,6.75,9,0,65.9,Good
78.7,3.9,56.0,88.9,74.3,8.73,7,1,63.7,Average
71.1,2.6,73.4,82.6,96.9,6.41,3,1,69.3,Good
80.7,5.4,59.3,69.6,36.0,7.91,10,1,60.4,Average
71.9,3.5,97.1,67.1,59.0,6.61,8,2,57.5,Average
78.4,4.6,47.7,78.7,93.5,9.82,5,1,69.2,Good
94.4,3.0,92.6,82.6,87.5,8.14,7,1,78.2,Good
61.9,2.8,66.2,95.0,78.4,8.84,3,0,64.1,Average
92.0,3.9,72.8,91.9,62.8,6.28,9,0,71.5,Good
94.4,3.8,81.3,65.9,55.9,8.58,4,0,69.0,Good
74.3,4.6,57.9,72.5,60.5,6.66,6,0,63.1,Average
46.3,3.4,81.8,84.1,94.8,7.25,7,1,58.6,Average
67.5,0.9,25.0,90.0,59.9,9.39,9,2,45.4,Poor
94.2,3.1,56.5,88.1,71.6,5.64,7,1,70.5,Good
75.7,5.1,53.2,73.0,57.9,7.38,8,2,53.9,Average
62.0,3.3,47.9,55.2,83.5,7.71,6,3,44.8,Poor
68.9,3.4,64.6,59.0,61.4,7.83,6,2,49.0,Poor
87.8,5.4,74.2,78.1,68.4,6.47,7,0,76.0,Good
83.7,2.7,79.2,79.1,43.1,10.0,6,0,71.8,Good
72.7,1.3,71.9,57.5,44.2,5.29,3,0,57.5,Average
70.9,3.5,57.3,74.7,70.1,9.14,5,0,60.0,Average
70.5,3.0,73.9,83.5,48.8,8.8,7,1,63.1,Average
63.1,2.3,70.0,56.7,100.0,9.76,6,1,67.5,Good
98.6,3.5,83.0,90.6,37.0,4.88,6,0,71.3,Good
71.5,4.6,80.4,68.3,57.2,5.88,6,1,64.1,Average
93.0,3.8,68.5,92.9,70.3,9.19,5,1,68.8,Good
97.3,4.3,53.6,66.0,64.2,4.47,6,0,65.6,Good
90.0,6.7,57.6,58.6,52.3,4.85,6,0,70.5,Good
70.0,3.3,59.2,67.1,54.7,6.42,7,2,52.5,Average
81.7,4.2,63.0,72.6,54.1,7.37,7,1,57.3,Average
75.7,3.0,72.3,68.2,65.4,9.33,6,0,65.0,Good
63.3,2.4,79.4,70.8,100.0,6.84,4,0,71.9,Good
80.5,2.9,67.2,79.0,71.2,6.25,4,0,66.5,Good
59.5,3.0,68.3,71.4,88.9,7.54,10,0,67.2,Good
92.6,4.4,70.3,73.0,78.1,7.76,4,1,66.9,Good
69.5,7.6,59.7,48.4,87.8,7.72,5,0,74.5,Good
78.8,2.7,53.2,79.9,25.2,6.85,8,0,62.3,Average
80.0,3.1,39.9,72.7,65.1,4.36,7,0,61.9,Average
72.4,3.7,56.9,98.2,90.9,5.82,8,2,67.2,Good
84.2,4.4,75.6,59.9,60.9,9.09,6,0,68.3,Good
69.4,4.2,56.8,46.9,98.2,7.36,7,0,63.5,Average
88.2,5.9,64.2,83.3,93.7,6.65,7,1,73.1,Good
57.2,0.5,75.5,79.2,62.5,8.67,6,0,59.6,Average
77.8,0.5,76.3,58.9,61.9,5.52,7,0,63.7,Average
100.0,3.0,50.7,51.1,53.8,6.78,9,0,65.7,Good
62.0,5.6,84.0,97.1,59.9,7.29,6,1,70.7,Good
66.5,1.3,86.0,95.2,50.3,6.48,6,2,50.6,Average
83.2,0.5,49.9,36.7,76.9,7.24,9,1,45.5,Poor
78.5,4.7,54.8,67.1,46.7,6.84,8,0,63.0,Average
80.9,4.2,87.1,99.0,79.7,5.14,10,0,81.1,Excellent
82.8,2.1,65.7,66.9,80.0,7.35,3,1,59.9,Average
84.9,2.2,32.5,66.6,43.4,5.24,8,1,54.6,Average
91.5,2.2,45.6,69.8,94.8,7.33,8,2,54.7,Average
81.7,4.0,64.0,57.2,78.2,9.02,5,1,59.5,Average
72.6,2.8,49.4,48.4,82.0,6.71,7,2,48.4,Poor
85.4,4.6,61.4,89.8,57.9,5.46,9,2,58.6,Average
100.0,0.5,68.5,46.4,80.0,6.92,5,1,60.7,Average
74.1,2.4,91.4,77.7,88.0,5.94,7,0,70.5,Good
62.4,2.0,63.4,87.3,68.4,7.93,8,0,57.5,Average
91.5,3.4,85.2,52.2,100.0,6.89,4,0,77.0,Good
74.3,2.9,90.9,60.1,70.7,9.49,6,0,63.9,Average
45.6,5.1,90.9,92.2,88.3,8.73,7,1,67.8,Good
87.9,0.8,72.6,82.0,74.7,6.89,5,0,60.3,Average
68.5,3.9,36.6,64.7,79.4,8.1,5,2,52.1,Average
74.7,4.7,75.4,92.0,43.3,6.55,6,0,68.5,Good
80.6,6.8,84.8,92.1,75.9,7.15,8,0,88.2,Excellent
78.7,3.0,66.7,78.0,58.2,6.59,8,0,68.0,Good
85.9,4.3,95.9,60.5,56.5,8.17,5,0,77.5,Good
69.9,0.9,81.8,67.8,97.9,9.11,8,0,70.3,Good
83.2,0.5,77.1,78.3,66.6,8.22,5,1,57.3,Average
72.4,5.2,85.4,71.2,53.9,8.39,3,0,70.0,Good
86.3,3.8,73.3,88.1,64.3,8.39,6,0,74.3,Good
84.6,5.7,28.1,51.1,49.2,7.87,9,0,61.2,Average
62.9,1.6,60.0,51.6,92.9,5.5,8,1,52.8,Average
91.2,4.6,87.2,76.7,58.9,9.48,6,0,77.9,Good
68.5,6.8,55.1,66.6,78.5,9.63,6,3,55.3,Average
87.3,4.5,64.4,64.6,91.7,6.77,6,1,64.0,Average
81.1,4.2,51.3,47.5,62.0,6.58,7,0,56.1,Average
100.0,3.8,96.5,74.3,78.5,7.96,4,0,79.4,Good
72.9,1.3,94.9,73.2,53.5,7.87,6,0,61.3,Average
71.1,6.0,53.9,83.8,100.0,6.82,6,2,63.5,Average
75.7,2.8,70.4,75.0,85.0,5.35,4,0,69.0,Good
71.8,4.6,57.1,72.0,66.9,7.53,5,3,48.8,Poor
87.2,1.3,77.8,91.7,57.6,7.87,7,1,62.4,Average
53.4,1.9,76.2,54.3,68.2,8.12,7,2,51.1,Average
61.2,6.1,81.0,82.0,64.6,7.59,6,0,72.7,Good
61.1,3.2,73.3,48.9,100.0,6.72,5,0,62.8,Average
89.3,6.1,99.0,61.4,50.4,8.49,10,0,81.3,Excellent
99.9,3.7,51.6,55.8,72.2,7.19,5,1,63.5,Average
74.5,0.9,40.6,85.7,69.7,6.45,7,0,60.6,Average
73.6,5.2,61.7,73.0,68.1,6.85,6,0,66.8,Good
77.0,2.9,42.9,73.8,68.3,4.66,7,1,52.3,Average
92.3,4.9,44.1,57.4,68.1,6.84,7,1,58.2,Average
63.0,3.8,52.0,69.5,84.0,8.06,4,1,59.5,Average
79.3,1.3,53.2,62.5,79.7,7.58,6,0,58.7,Average
89.7,4.1,52.7,79.8,76.7,9.23,9,0,69.7,Good
83.0,7.3,76.3,59.1,21.5,6.73,10,0,66.7,Good
78.7,4.6,59.9,93.9,74.8,7.78,6,0,68.9,Good
90.0,3.7,65.1,48.9,43.5,8.21,7,2,55.2,Average
38.2,5.5,82.3,61.9,80.3,10.0,10,0,64.7,Average
85.5,4.1,55.7,99.2,93.6,7.3,9,2,68.4,Good
66.8,4.1,63.8,67.5,55.2,5.64,5,1,58.3,Average
50.4,2.1,73.9,54.3,65.8,8.29,5,0,55.0,Average
83.2,4.2,36.9,77.3,60.4,9.71,8,0,70.8,Good
95.2,5.5,29.8,66.9,89.8,6.65,4,2,58.7,Average
74.1,2.5,73.5,61.5,71.5,8.28,9,1,56.5,Average
89.3,6.1,75.9,57.6,97.7,8.82,7,0,78.6,Good
98.6,3.7,99.0,100.0,76.6,8.52,8,0,85.0,Excellent
94.4,2.4,70.5,70.2,73.9,7.28,6,2,62.4,Average
99.0,5.4,81.1,45.1,71.1,6.12,5,2,63.5,Average
86.4,3.3,64.9,96.4,83.1,6.99,9,0,70.2,Good
77.1,5.0,72.8,83.2,42.2,7.74,6,1,60.0,Average
53.6,3.3,94.7,62.5,71.4,8.37,6,0,64.7,Average
72.6,3.7,34.0,60.0,68.9,7.57,6,1,50.9,Average
64.2,4.6,74.6,84.1,81.6,6.57,7,0,66.8,Good
100.0,4.3,99.0,70.3,67.0,7.88,4,0,75.8,Good
73.5,0.6,72.5,45.1,53.4,8.3,5,1,53.6,Average
77.7,2.0,94.4,100.0,70.1,7.63,5,0,79.2,Good
83.7,5.3,57.9,67.5,52.7,5.93,8,1,63.9,Average
76.6,3.6,67.5,96.4,39.2,6.85,5,2,60.8,Average
99.7,3.0,68.5,93.2,81.6,8.43,3,0,78.1,Good
67.3,1.6,32.5,59.0,79.3,5.16,3,0,52.8,Average
78.7,2.1,49.3,89.5,77.5,4.17,4,2,51.2,Average
65.6,0.6,50.4,64.2,90.8,9.21,9,0,60.3,Average
57.5,3.6,81.2,46.0,59.4,7.82,7,0,59.7,Average
67.4,2.8,82.0,67.6,47.1,7.95,8,0,62.6,Average
75.5,2.3,73.2,80.0,68.9,5.59,8,0,65.7,Good
70.0,3.7,81.2,67.1,64.4,8.13,7,1,66.3,Good
66.3,4.4,65.4,69.4,56.5,7.49,6,1,60.6,Average
56.3,7.1,87.2,91.2,68.7,4.88,9,0,74.5,Good
74.8,1.4,68.1,75.6,60.2,9.09,7,1,59.1,Average
54.9,5.7,68.9,61.4,40.6,7.32,9,2,54.9,Average
86.6,5.4,63.8,84.5,62.9,6.55,8,0,74.2,Good
77.2,2.6,79.0,77.0,51.8,6.57,5,0,58.7,Average
55.6,4.1,61.3,36.2,73.7,4.28,6,3,39.2,Poor
71.7,3.1,83.6,80.4,59.5,7.93,5,2,63.6,Average
65.5,4.1,49.9,79.9,87.8,7.47,9,0,66.4,Good
80.5,6.2,50.4,74.3,95.7,6.83,6,0,71.0,Good
94.8,4.8,79.0,87.4,80.9,8.89,5,0,78.7,Good
49.7,4.6,66.6,63.9,45.2,5.16,7,0,55.4,Average
77.6,3.1,60.7,79.0,94.1,6.26,6,1,66.2,Good
73.8,1.4,82.2,50.5,95.2,5.91,7,0,61.4,Average
85.4,3.5,58.3,80.1,70.3,6.71,10,0,68.4,Good
79.0,5.7,64.8,100.0,91.2,7.19,8,1,75.2,Good
65.5,1.4,90.4,59.1,61.2,7.7,7,2,56.0,Average
71.5,2.1,92.6,62.6,40.1,6.61,4,0,61.5,Average
64.9,4.0,93.2,63.3,57.8,5.87,6,0,68.0,Good
91.1,2.2,63.5,75.9,97.7,9.46,8,3,59.4,Average
76.3,2.5,87.7,58.1,46.1,10.0,4,0,61.1,Average
100.0,3.1,52.8,80.3,70.0,7.3,10,0,78.3,Good
75.2,1.6,53.5,86.7,70.5,6.04,7,1,55.8,Average
66.1,2.2,30.4,82.0,61.8,9.17,7,1,50.9,Average
54.8,4.9,94.8,47.5,62.9,5.07,5,0,66.2,Good
50.8,1.7,54.2,88.9,71.2,6.63,7,1,58.8,Average
53.8,1.2,66.0,88.1,61.0,6.13,4,0,54.2,Average
79.7,2.8,53.4,86.5,47.2,5.48,10,0,57.5,Average
83.1,5.0,79.1,79.6,73.4,6.71,9,0,70.9,Good
53.9,3.5,62.0,77.3,87.2,5.89,8,1,65.3,Good
88.5,3.1,47.1,89.5,83.9,7.12,4,0,63.5,Average
69.2,3.9,75.1,100.0,57.0,7.14,7,0,69.2,Good
78.1,1.0,45.1,59.7,50.0,6.23,9,3,36.9,Poor
98.6,4.6,54.6,90.2,65.5,6.58,8,1,62.9,Average
88.6,4.4,34.3,72.7,95.1,6.78,4,0,64.9,Average
72.2,3.1,45.2,72.1,80.3,8.23,5,2,50.5,Average
63.5,5.4,70.9,51.0,81.3,6.89,6,0,64.1,Average
45.9,2.0,36.6,69.7,84.2,8.25,5,2,51.8,Average
65.9,5.6,44.3,59.0,76.7,7.92,10,2,57.8,Average
73.0,4.0,68.0,67.0,71.9,7.9,3,1,64.8,Average
62.2,3.3,59.3,57.5,80.6,9.04,8,1,62.0,Average
74.2,3.8,99.0,67.3,61.3,5.53,4,0,68.7,Good
77.1,3.6,97.3,67.9,47.4,6.44,5,0,66.3,Good
72.9,5.8,54.1,75.5,81.6,9.57,2,0,70.4,Good
66.9,2.1,76.9,49.8,89.8,6.74,5,0,63.6,Average
78.4,2.6,80.0,52.3,52.1,3.16,10,2,50.4,Average
82.2,5.5,58.4,79.4,83.2,6.82,7,1,68.8,Good
60.7,2.8,44.1,62.0,96.9,7.29,4,3,44.3,Poor
95.8,5.2,67.8,90.1,70.0,3.44,9,0,73.4,Good
74.6,6.5,65.2,77.4,56.9,8.97,9,1,67.0,Good
76.3,3.2,61.0,83.1,72.0,6.1,7,0,61.1,Average
85.9,4.9,75.1,95.2,61.2,7.56,10,1,63.9,Average
79.3,2.0,56.0,69.4,60.1,6.78,8,0,56.6,Average
89.3,5.0,49.6,65.4,76.9,5.3,8,0,73.4,Good
80.0,4.1,69.7,87.1,44.3,5.6,5,0,63.7,Average
67.4,4.6,74.2,81.6,46.9,5.79,8,1,63.9,Average
81.1,2.8,49.2,71.2,70.3,8.62,7,0,55.8,Average
60.0,1.1,82.8,94.9,69.6,6.89,8,1,57.9,Average
77.5,4.6,39.7,70.8,75.5,6.37,5,0,57.2,Average
75.5,0.5,58.8,74.5,100.0,5.79,7,0,62.1,Average
73.1,3.3,63.9,74.3,71.7,8.77,5,0,74.3,Good
74.2,5.3,57.8,60.0,79.6,9.15,2,3,56.4,Average
49.7,4.1,59.0,75.2,54.4,8.76,8,0,66.0,Good
68.3,6.9,97.9,95.0,82.3,7.79,3,0,81.2,Excellent
77.3,5.4,54.4,80.7,61.6,7.51,7,2,64.3,Average
78.2,2.8,99.0,74.5,71.1,5.4,7,0,78.9,Good
61.6,3.8,75.0,71.6,68.3,6.76,7,1,60.8,Average
93.7,3.7,69.5,79.0,86.5,6.14,6,0,71.3,Good
63.9,1.3,75.6,85.2,49.0,4.54,7,0,53.4,Average
89.6,2.3,99.0,83.1,33.5,8.58,7,0,69.6,Good
82.0,2.9,52.1,69.0,66.6,6.13,8,1,58.0,Average
67.0,0.5,50.1,78.9,77.5,8.77,10,2,58.9,Average
100.0,3.9,55.9,81.2,72.4,8.33,7,1,63.5,Average
59.3,3.4,68.5,58.9,89.7,7.88,7,1,61.2,Average
88.9,1.1,40.4,76.5,77.0,7.96,5,3,41.8,Poor
90.0,4.4,68.4,41.6,61.0,6.24,7,0,63.2,Average
66.6,4.9,95.1,81.2,32.8,9.7,8,0,72.1,Good
95.5,4.2,70.4,83.9,66.2,7.16,6,1,70.8,Good
72.5,3.3,63.3,85.2,86.4,7.52,8,1,67.7,Good
80.0,4.7,58.1,68.1,63.7,6.19,6,0,66.1,Good
79.6,4.9,82.4,78.6,70.5,5.8,8,0,75.4,Good
74.1,4.3,54.8,95.4,76.7,7.77,8,1,66.2,Good
87.4,2.5,97.5,95.2,53.8,7.4,8,0,71.0,Good
87.1,4.2,98.9,73.6,80.0,5.99,7,0,71.3,Good
51.5,5.7,72.1,76.1,96.2,5.09,4,1,62.7,Average
94.3,2.8,67.8,90.7,67.2,5.32,5,0,68.3,Good
52.7,7.2,84.5,51.5,51.9,8.77,8,1,68.8,Good
90.5,3.0,85.5,69.2,68.9,6.24,10,1,67.9,Good
91.8,3.9,55.1,94.0,34.4,6.63,6,0,63.5,Average
60.7,2.7,59.6,88.6,75.4,9.13,7,1,62.3,Average
70.2,4.2,46.8,79.5,77.2,5.53,5,3,49.2,Poor
60.5,1.0,74.5,51.4,96.8,6.08,5,0,62.8,Average
73.0,2.9,78.7,73.3,66.9,6.02,5,0,72.1,Good
71.7,2.1,46.4,65.2,76.5,9.37,2,0,65.8,Good
86.9,4.0,60.7,79.0,56.2,9.89,9,1,66.2,Good
94.3,5.4,46.4,61.9,64.3,8.15,2,3,54.7,Average
95.5,4.8,53.6,58.6,45.6,8.2,6,1,65.9,Good
68.1,0.5,76.8,43.0,66.9,6.29,4,0,54.3,Average
73.1,7.1,56.3,92.3,65.1,9.83,5,1,71.9,Good
52.4,4.3,63.2,68.0,74.8,7.47,9,1,55.6,Average
64.7,2.6,42.0,76.4,60.0,8.29,7,1,51.7,Average
89.5,4.1,71.0,74.0,71.3,6.95,5,0,74.6,Good
98.6,4.1,67.3,58.0,64.7,6.72,5,1,61.6,Average
58.7,2.7,56.3,55.1,64.7,9.43,5,1,52.4,Average
67.7,4.1,65.0,58.9,71.3,7.86,6,0,58.4,Average
75.6,2.8,70.9,63.2,70.6,9.13,7,1,69.3,Good
79.9,3.2,55.0,79.5,82.2,7.46,10,3,60.8,Average
64.7,2.7,44.4,62.1,68.1,5.91,3,1,50.0,Average
81.9,1.5,96.9,100.0,64.4,6.28,6,1,70.0,Good
69.4,4.0,57.9,89.4,67.1,7.24,6,0,67.0,Good
75.8,4.7,66.5,86.1,58.6,6.22,8,1,69.1,Good
83.6,4.6,84.2,72.2,64.2,5.55,7,0,69.7,Good
76.1,5.1,99.0,96.7,100.0,8.78,8,0,88.9,Excellent
69.9,4.3,48.1,70.7,55.4,6.34,7,1,59.1,Average
74.5,2.9,75.2,73.5,65.5,7.29,5,1,65.8,Good
74.8,5.1,56.7,76.5,63.8,7.51,9,2,51.7,Average
70.8,1.6,59.4,84.5,66.0,6.28,8,1,54.8,Average
72.4,2.4,56.5,83.6,64.7,9.13,8,1,56.4,Average
98.4,2.3,50.0,66.9,74.5,5.54,9,2,56.9,Average
83.9,5.5,67.3,66.0,42.6,7.47,7,0,59.7,Average
71.9,5.3,44.4,83.6,86.6,7.44,9,0,62.1,Average
85.8,4.6,83.1,84.7,80.1,7.02,7,0,84.8,Excellent
71.3,5.5,68.9,68.1,50.1,5.28,6,0,66.1,Good
92.4,2.4,74.8,50.2,33.7,8.32,6,1,57.4,Average
81.2,4.4,60.5,70.9,54.4,8.14,6,0,66.6,Good
74.5,3.6,62.1,83.4,66.1,6.15,5,0,65.0,Good
82.3,5.2,72.6,100.0,100.0,8.09,10,0,86.2,Excellent
54.0,3.6,49.4,56.0,78.7,7.62,7,1,51.6,Average
60.2,3.2,62.3,67.6,41.1,5.31,7,0,55.5,Average
59.3,4.7,54.2,68.2,59.0,5.9,7,0,59.9,Average
78.0,5.2,53.8,94.3,69.1,8.69,10,1,64.8,Average
100.0,2.7,34.2,73.5,74.1,7.53,4,2,58.8,Average
100.0,3.7,89.4,60.4,49.0,6.31,5,0,68.4,Good
84.9,2.1,57.0,82.4,67.8,5.9,4,1,61.7,Average
83.0,0.5,86.6,67.9,58.5,6.38,6,0,63.4,Average
50.8,4.1,85.1,55.6,52.3,6.48,7,2,58.5,Average
68.4,4.8,47.4,60.6,74.2,5.92,6,1,53.0,Average
65.0,4.2,50.6,100.0,82.4,4.66,5,4,45.2,Poor
67.3,0.7,99.0,79.8,83.5,8.7,7,2,59.7,Average
73.6,3.2,96.0,75.6,79.2,8.46,5,1,70.4,Good
69.4,0.5,67.5,70.3,62.0,5.32,7,0,61.9,Average
48.3,6.0,72.1,78.4,81.4,7.29,9,1,71.8,Good
86.5,2.1,57.9,78.2,74.9,5.84,8,0,56.7,Average
61.0,5.8,74.9,78.4,72.1,6.73,8,2,63.6,Average
79.3,5.3,56.5,75.7,60.2,6.62,9,2,48.1,Poor
100.0,2.4,35.5,87.0,62.0,6.5,7,3,53.2,Average
63.1,2.0,46.9,74.3,71.2,9.9,6,1,58.7,Average
40.6,4.4,68.3,59.3,100.0,6.48,5,1,58.8,Average
72.0,2.4,49.9,64.8,74.8,5.97,6,1,54.4,Average
91.4,4.0,66.9,44.3,60.2,6.03,5,0,63.4,Average
100.0,3.0,50.8,100.0,56.7,8.56,8,1,63.2,Average
58.8,1.0,55.5,86.9,62.1,4.79,7,1,52.1,Average
83.0,0.5,81.7,61.5,100.0,6.03,8,1,63.3,Average
69.5,4.2,72.0,69.8,63.6,9.13,4,1,65.8,Good
74.5,2.9,67.8,64.4,84.5,7.44,9,2,59.0,Average
100.0,2.9,82.1,97.1,64.0,7.37,6,1,68.6,Good
55.0,4.9,75.7,52.7,74.2,10.0,4,1,56.4,Average
79.6,5.7,91.1,75.7,82.7,7.44,6,0,72.3,Good
82.5,3.4,60.6,72.4,60.8,6.11,10,1,65.6,Good
91.2,3.3,61.1,86.4,59.7,6.71,6,1,61.7,Average
77.4,4.6,47.2,72.4,96.5,5.51,6,0,68.1,Good
80.3,1.6,61.1,47.6,85.8,8.86,6,0,68.6,Good
70.5,4.2,83.4,70.2,82.7,7.9,6,3,58.2,Average
79.8,4.7,88.8,59.4,82.6,8.67,5,0,72.6,Good
71.2,4.9,83.4,75.2,77.4,8.8,7,1,70.1,Good
84.7,0.7,39.3,95.5,100.0,6.52,9,2,57.2,Average
70.8,2.6,85.3,47.9,70.7,5.78,7,1,65.9,Good
81.3,2.4,38.6,62.0,79.2,7.03,4,1,59.3,Average
75.6,4.0,82.4,65.7,46.8,5.88,6,1,62.7,Average
91.8,4.6,62.1,68.3,56.8,7.33,5,0,72.3,Good
75.3,6.2,79.2,85.1,50.8,8.68,7,0,73.3,Good
51.2,3.0,46.7,71.4,90.4,6.86,9,3,48.8,Poor
93.7,3.0,86.7,80.2,29.2,7.31,6,0,66.6,Good
63.3,5.6,44.6,64.6,63.6,6.97,6,2,47.7,Poor
66.8,4.3,57.3,77.4,22.1,8.22,10,1,59.2,Average
67.7,5.8,52.0,85.7,56.7,6.17,8,0,67.0,Good
95.2,4.3,39.9,63.0,62.1,4.02,8,3,49.1,Poor
46.1,1.9,69.5,85.7,92.2,7.76,10,2,57.0,Average
100.0,1.7,96.9,74.8,76.3,8.48,7,0,71.5,Good
90.8,1.3,99.0,89.7,56.7,7.72,3,1,64.0,Average
79.1,4.9,69.6,71.0,87.1,6.2,8,1,69.6,Good
75.2,5.7,85.9,79.7,70.3,5.51,3,0,70.8,Good
80.0,6.8,71.7,73.4,70.6,7.79,7,1,70.4,Good
83.3,5.1,76.0,72.6,50.8,7.3,3,0,67.9,Good
85.0,5.7,62.5,77.9,54.2,6.92,6,1,62.6,Average
83.8,2.9,71.1,82.1,56.8,9.65,6,0,65.2,Good
77.3,1.9,76.6,55.3,70.7,5.77,5,1,51.9,Average
73.2,5.2,58.7,95.5,71.2,9.59,6,1,67.7,Good
73.9,4.5,66.8,46.1,94.7,7.14,9,2,63.0,Average
73.3,4.0,67.1,63.7,76.2,4.53,5,1,53.9,Average
91.9,4.4,81.2,72.6,26.7,6.85,8,0,67.6,Good
84.3,4.3,50.9,80.2,74.2,8.44,5,2,61.0,Average
35.0,5.9,67.2,97.6,46.8,6.59,6,1,54.3,Average
85.2,5.9,98.6,46.1,54.5,5.04,7,0,76.8,Good
78.7,4.7,86.6,66.4,57.0,6.87,5,0,68.2,Good
75.7,5.2,89.6,42.1,59.4,5.9,4,1,62.0,Average
70.6,4.6,68.4,74.5,48.0,7.79,7,2,56.4,Average
91.7,3.1,73.1,78.1,73.3,8.18,9,1,62.9,Average
89.3,5.0,84.0,97.9,47.4,5.62,6,1,73.5,Good
65.2,1.6,93.0,75.8,75.7,6.11,6,0,63.2,Average
81.7,5.5,36.8,89.7,100.0,8.16,7,2,63.8,Average
62.4,1.9,47.0,82.8,48.7,5.9,7,1,51.4,Average
56.7,4.3,89.0,67.5,65.4,5.58,7,0,71.3,Good
67.2,2.4,63.6,52.9,29.6,5.45,1,1,41.1,Poor
88.1,4.7,57.3,78.1,65.2,7.59,4,1,62.5,Average
89.3,3.7,47.9,51.6,80.3,7.53,5,0,68.3,Good
83.2,1.2,59.1,93.4,81.5,6.14,7,0,67.4,Good
86.2,4.5,45.6,71.6,71.2,7.11,7,0,68.0,Good
83.2,2.9,99.0,91.9,84.2,9.24,8,0,77.1,Good
67.0,5.2,67.6,66.8,100.0,5.74,7,0,69.5,Good
82.0,3.8,67.1,78.0,97.4,4.37,4,0,69.3,Good
87.2,4.4,77.4,77.1,61.6,7.74,9,0,70.2,Good
86.6,2.3,83.4,73.3,46.8,6.95,9,2,53.0,Average
92.6,2.9,83.1,67.5,63.5,6.11,4,1,62.6,Average
85.9,3.1,85.2,79.9,54.8,8.01,7,0,75.7,Good
80.9,5.2,57.9,60.1,77.2,8.27,5,2,60.3,Average
91.0,6.5,63.2,55.9,51.1,4.01,7,1,67.2,Good
75.6,2.5,80.3,92.6,68.8,6.19,9,0,70.6,Good
63.7,5.5,59.6,84.9,83.4,10.0,10,1,66.8,Good
73.7,0.5,67.9,75.0,68.4,7.92,8,0,66.1,Good
65.6,1.9,74.4,99.0,54.9,8.05,7,0,65.7,Good
66.5,2.3,80.6,70.0,88.8,8.74,6,0,72.1,Good
74.0,1.6,39.6,93.8,39.9,7.12,7,1,46.8,Poor
64.9,1.3,79.4,76.6,64.8,8.22,9,1,63.8,Average
71.7,4.5,64.3,58.6,69.3,8.11,6,1,64.9,Average
49.5,3.5,79.3,100.0,70.3,7.85,5,0,68.5,Good
79.0,4.4,80.4,88.9,72.9,6.65,3,1,65.6,Good
76.0,4.9,93.7,72.2,79.8,7.34,8,0,76.8,Good
64.6,4.2,89.7,84.9,69.4,6.28,7,2,65.5,Good
85.2,4.9,89.5,67.9,64.1,7.12,5,0,74.2,Good
89.1,3.7,91.1,86.4,63.5,5.46,9,1,73.2,Good
53.5,1.9,72.7,38.1,60.2,5.99,6,2,48.0,Poor
65.3,5.5,68.5,58.7,82.6,6.7,6,1,61.4,Average
65.2,2.9,82.0,88.7,59.7,5.78,6,1,57.5,Average
62.8,2.3,79.7,70.3,83.5,6.39,6,0,65.0,Good
87.6,3.5,63.1,77.1,70.3,6.87,7,2,59.2,Average
73.3,2.3,74.5,53.8,61.7,7.66,9,0,65.3,Good
72.3,3.1,67.4,100.0,79.9,8.43,4,1,62.5,Average
47.9,4.4,54.3,91.9,58.4,6.45,7,1,59.5,Average
84.9,4.4,88.6,71.0,80.2,8.97,7,0,82.2,Excellent
58.7,2.4,68.9,67.9,73.4,8.41,7,1,58.2,Average
76.8,3.0,99.0,89.4,60.5,7.81,8,1,70.6,Good
79.9,5.5,42.0,100.0,78.5,7.32,7,1,64.1,Average
95.0,4.6,59.1,88.3,78.7,7.55,7,3,60.6,Average
57.7,7.1,68.5,100.0,88.5,8.76,8,1,72.9,Good
35.0,5.7,86.2,60.2,85.5,8.81,5,0,72.9,Good
78.6,5.6,74.4,61.7,77.9,8.97,7,0,73.5,Good
100.0,1.6,73.0,56.2,52.0,7.16,6,1,54.8,Average
93.3,5.0,50.0,80.6,100.0,7.88,6,0,76.0,Good
78.9,3.7,49.5,76.6,47.5,8.98,6,1,60.4,Average
69.1,2.9,73.2,71.7,85.2,6.23,7,0,66.7,Good
87.3,4.1,46.2,86.1,76.9,6.65,7,1,69.0,Good
62.4,5.3,59.5,92.5,51.2,7.12,7,2,59.9,Average
82.7,4.6,76.0,51.1,68.0,8.36,6,0,65.4,Good
83.1,2.4,52.3,65.0,68.7,8.38,3,0,58.7,Average
90.8,5.0,93.7,86.3,90.9,6.78,7,0,83.8,Excellent
100.0,2.8,87.6,67.0,58.6,4.99,7,0,64.3,Average
81.5,4.1,42.9,62.0,65.8,7.44,7,0,62.6,Average
68.9,3.3,53.1,89.3,32.6,5.81,5,1,45.9,Poor
75.6,3.4,31.4,54.7,97.8,5.01,4,2,52.9,Average
51.2,5.0,55.5,69.5,52.9,5.33,8,0,60.7,Average
66.3,2.1,80.3,78.9,75.2,7.56,6,0,68.2,Good
70.3,6.9,61.4,65.4,68.4,9.01,7,1,64.3,Average
68.7,0.9,75.4,85.7,68.4,7.15,6,0,63.7,Average
78.1,2.8,43.6,65.5,83.0,7.4,6,1,55.5,Average
64.5,4.4,80.8,95.1,96.7,8.76,6,0,73.5,Good
91.7,4.7,59.1,72.1,74.0,4.94,5,0,66.9,Good
76.0,3.6,68.2,84.1,80.5,7.83,7,1,69.1,Good
75.9,3.7,66.5,85.2,75.3,7.08,5,0,68.6,Good
71.4,4.5,47.7,64.6,86.3,7.89,7,1,66.3,Good
78.2,3.4,49.6,43.2,62.6,6.42,7,1,55.6,Average
87.6,6.0,83.5,79.4,87.2,5.95,5,0,81.3,Excellent
63.9,5.1,74.4,75.1,87.8,7.3,4,1,61.1,Average
66.8,5.2,84.8,82.3,87.3,9.41,10,0,77.8,Good
71.7,2.3,73.2,70.6,59.4,8.31,5,0,59.1,Average
57.2,3.7,70.3,67.5,67.3,6.39,8,1,57.8,Average
64.5,3.3,40.4,100.0,73.8,5.22,10,2,51.6,Average
69.3,2.2,63.7,51.9,48.1,4.75,8,3,40.7,Poor
88.2,4.4,67.6,85.0,95.5,8.94,6,1,77.2,Good
79.7,2.9,99.0,65.4,69.8,5.76,6,1,68.2,Good
78.7,4.8,79.0,69.0,74.5,6.64,5,0,74.6,Good
87.9,2.1,92.6,69.2,60.8,8.95,8,0,66.1,Good
74.1,6.6,77.6,61.9,48.8,4.84,8,0,68.1,Good
81.5,2.4,56.6,82.6,60.3,9.19,5,0,67.2,Good
74.6,4.2,69.9,94.9,73.5,6.74,4,1,71.5,Good
79.7,5.1,71.8,81.1,80.8,5.49,4,1,62.2,Average
67.8,2.9,53.0,75.6,72.6,6.75,8,1,56.2,Average
41.9,5.2,61.8,59.2,75.5,6.09,7,1,59.4,Average
74.1,1.8,64.7,81.8,64.6,7.72,7,1,58.5,Average
95.9,6.1,93.7,100.0,77.9,6.19,5,0,81.5,Excellent
89.0,3.8,34.7,68.3,93.7,4.42,4,1,52.9,Average
89.5,2.8,87.3,68.4,81.3,6.79,8,0,70.3,Good
93.3,3.3,53.0,65.6,83.0,5.2,7,0,60.0,Average
77.2,5.1,46.0,66.7,74.7,7.39,8,1,61.8,Average
78.8,2.9,86.9,32.8,45.9,5.44,6,0,62.2,Average
67.4,2.6,79.7,80.1,53.3,6.42,6,0,58.8,Average
71.6,3.4,88.1,61.3,77.3,7.36,8,1,67.0,Good
84.6,1.9,80.8,49.8,69.8,6.8,8,0,68.0,Good
92.9,6.7,99.0,85.3,77.0,7.45,8,0,86.4,Excellent
74.0,2.9,76.9,57.8,96.8,8.05,6,0,64.0,Average
69.7,5.1,65.5,68.9,81.6,5.48,8,1,65.6,Good
76.0,4.1,73.5,96.0,90.1,7.01,9,1,72.0,Good
84.4,2.2,87.9,52.9,71.5,2.44,6,1,59.0,Average
55.8,3.8,55.5,51.0,57.1,7.45,5,2,44.8,Poor
43.9,5.1,57.6,78.0,69.1,6.68,9,0,62.3,Average
68.3,3.5,63.1,91.2,57.1,5.72,5,1,60.4,Average
58.9,5.7,34.3,50.4,94.9,7.54,8,1,65.9,Good
68.9,5.4,70.2,80.1,82.6,8.74,6,0,73.6,Good
73.9,5.3,37.8,82.7,78.3,6.43,3,0,68.8,Good
69.7,3.1,68.8,43.1,89.8,5.78,9,1,60.8,Average
96.3,2.1,81.8,86.0,37.7,7.33,1,0,65.2,Good
80.6,2.8,60.4,87.1,79.4,5.23,3,1,61.5,Average
80.2,4.1,94.8,69.3,49.0,6.18,8,0,66.0,Good
84.7,4.7,44.6,92.8,69.9,8.81,8,0,71.1,Good
60.1,0.5,87.1,91.0,65.0,7.19,5,0,56.0,Average
90.5,3.8,78.8,75.5,80.6,4.47,7,1,65.4,Good
74.9,4.1,40.5,67.2,73.7,4.58,1,1,53.3,Average
85.4,3.4,99.0,59.4,91.5,7.33,8,0,81.5,Excellent
61.0,5.9,67.0,73.4,60.4,8.31,7,0,72.4,Good
54.2,4.5,54.0,82.5,81.3,4.84,6,2,53.2,Average
87.5,5.9,45.5,69.1,72.6,7.73,7,1,65.4,Good
81.3,3.5,64.5,41.0,43.8,8.96,7,1,59.2,Average
63.4,5.3,66.0,93.0,55.3,9.74,6,1,60.6,Average
63.8,6.4,69.6,76.9,67.6,7.56,3,2,62.4,Average
91.8,5.9,63.2,68.3,87.8,7.81,10,0,74.3,Good
59.3,2.1,78.1,86.9,77.4,4.11,9,1,59.8,Average
99.0,3.4,61.8,96.9,51.3,10.0,4,1,65.6,Good
63.4,3.2,37.0,32.0,67.8,6.29,6,0,51.1,Average
84.9,4.6,65.6,80.5,100.0,5.79,6,0,76.3,Good
71.4,4.9,30.1,52.6,71.8,6.74,9,2,53.1,Average
84.4,2.5,73.7,81.5,64.8,9.22,2,0,69.0,Good
68.4,3.9,52.3,75.9,77.9,10.0,6,0,66.6,Good
73.7,0.6,70.6,83.5,82.2,7.28,3,3,57.8,Average
76.6,6.1,89.0,66.5,62.7,8.5,6,1,65.6,Good
62.0,3.0,52.8,45.9,78.0,7.16,6,0,62.6,Average
86.4,3.9,85.0,67.2,64.7,5.65,7,0,69.4,Good
68.8,3.3,61.1,80.1,81.5,9.17,5,1,65.0,Good
72.8,5.6,96.1,89.2,72.7,6.23,5,1,72.2,Good
62.1,0.5,62.2,56.4,77.7,9.25,8,1,51.5,Average
40.1,3.8,54.6,89.4,57.9,8.92,7,2,52.6,Average
73.3,3.6,79.0,64.3,56.9,7.96,8,0,70.1,Good
100.0,3.1,61.0,79.4,85.1,9.66,6,1,71.8,Good
87.0,6.6,54.5,66.4,68.7,10.0,5,0,70.2,Good
75.7,2.4,60.4,76.7,74.6,6.85,6,0,76.1,Good
72.3,5.0,67.3,87.4,65.1,5.97,8,1,69.5,Good
76.3,4.4,89.5,55.6,84.4,4.49,2,0,72.2,Good
83.7,5.8,37.1,63.8,60.3,10.0,7,1,60.0,Average
59.5,2.7,68.4,76.8,67.8,6.48,7,2,51.4,Average
91.6,2.6,78.0,100.0,82.6,8.69,7,0,76.4,Good
86.0,5.6,71.1,61.1,88.8,6.06,6,0,77.2,Good
86.1,4.5,89.0,100.0,61.6,9.25,1,0,73.5,Good
82.1,1.3,66.8,100.0,100.0,6.12,6,2,59.1,Average
76.3,2.9,65.0,72.5,75.0,5.43,10,1,63.4,Average
85.4,4.4,77.5,69.5,53.3,6.81,7,0,70.0,Good
84.3,5.1,69.6,63.6,75.9,6.36,6,0,67.6,Good
71.0,2.7,61.8,73.0,63.9,7.93,7,0,58.6,Average
68.0,0.5,76.3,52.9,76.9,7.03,7,1,60.5,Average
77.4,4.6,57.6,72.9,69.3,7.98,8,0,68.9,Good
97.7,1.8,58.2,96.5,71.2,6.69,6,2,55.6,Average
58.7,0.6,59.6,64.8,55.4,6.17,7,1,43.1,Poor
55.5,0.5,89.6,70.4,85.8,6.28,10,0,63.1,Average
78.3,5.1,25.0,48.5,51.5,9.96,9,2,51.9,Average
76.7,4.0,74.3,79.6,52.3,7.42,10,1,66.7,Good
78.4,3.4,68.5,78.0,75.9,4.32,5,1,65.6,Good
79.4,6.0,41.1,75.0,95.6,6.37,10,3,53.9,Average
72.9,4.8,73.0,70.7,64.4,7.24,5,3,56.5,Average
96.9,6.4,75.6,69.6,81.2,9.68,7,2,78.3,Good
53.6,1.6,77.4,81.5,87.2,8.54,8,1,66.8,Good
64.4,3.7,25.6,73.6,83.0,5.81,5,2,49.0,Poor
74.6,1.2,89.9,78.7,65.0,10.0,7,0,77.4,Good
53.0,3.4,56.2,77.2,52.5,7.06,8,0,59.6,Average
73.5,3.4,79.0,90.9,34.7,8.84,5,0,69.5,Good
99.3,4.8,79.9,84.2,65.8,5.48,10,0,77.3,Good
76.3,3.9,54.0,76.9,88.8,3.74,4,0,61.3,Average
79.2,4.8,78.6,96.8,52.0,5.13,10,0,69.1,Good
58.4,4.9,61.8,80.3,81.2,2.55,9,0,65.0,Good
67.4,7.2,34.9,93.6,54.8,10.0,6,3,54.2,Average
70.7,3.3,86.7,83.1,71.7,7.4,6,1,60.7,Average
71.6,2.3,55.6,46.4,81.3,5.81,5,0,53.4,Average
93.9,4.2,54.3,93.6,59.4,7.73,6,0,68.7,Good
83.8,2.5,61.6,76.0,72.7,7.37,6,2,60.1,Average
60.4,6.2,72.4,73.2,63.4,7.97,9,1,66.0,Good
79.5,3.3,67.1,78.2,81.3,8.79,10,2,63.6,Average
83.0,2.9,76.8,68.8,73.8,6.69,7,3,53.1,Average
92.0,3.0,46.6,77.4,70.9,5.87,5,3,51.3,Average
98.1,4.9,56.1,65.1,94.9,8.26,5,0,78.7,Good
61.8,3.5,66.1,93.1,80.6,8.22,6,0,68.9,Good
64.6,2.8,98.4,72.3,59.0,7.24,4,1,57.5,Average
58.4,6.5,66.2,68.3,68.6,10.0,4,0,64.2,Average
72.7,2.4,85.4,60.1,68.8,6.49,10,1,64.5,Average
82.5,3.9,68.6,78.0,71.3,5.84,7,1,63.9,Average
89.8,4.8,60.3,76.8,100.0,7.69,5,1,70.9,Good
74.9,1.2,64.1,79.8,75.9,6.16,8,0,60.6,Average
71.5,4.6,65.3,58.6,37.4,7.79,4,1,57.1,Average
78.1,2.1,77.7,50.0,61.3,5.93,4,1,54.8,Average
64.3,5.1,90.0,83.4,39.1,6.54,5,2,58.8,Average
100.0,2.3,73.8,96.3,64.7,9.75,10,0,73.2,Good
53.5,4.9,87.0,58.6,38.2,6.53,6,2,56.2,Average
78.6,5.6,52.6,97.8,56.1,5.98,2,2,57.3,Average
100.0,5.2,61.4,78.3,45.7,8.74,9,1,70.3,Good
76.1,4.2,56.4,73.9,76.1,5.63,6,2,52.8,Average
73.3,3.4,73.0,68.0,70.0,6.13,3,1,66.0,Good
71.0,2.9,62.3,53.2,74.8,7.91,6,0,66.0,Good
73.5,6.2,79.7,88.8,68.3,8.41,8,0,70.5,Good
95.2,2.7,53.1,62.4,47.7,8.81,7,2,51.2,Average
45.0,2.1,68.7,62.3,78.2,6.05,10,1,55.8,Average
97.5,4.9,79.0,88.9,100.0,7.93,5,0,78.3,Good
56.1,2.5,35.0,45.8,76.5,6.45,7,2,41.8,Poor
72.3,2.3,99.0,51.1,63.2,6.25,5,0,66.3,Good
70.0,1.5,63.5,73.7,47.2,8.78,3,0,56.2,Average
84.2,3.0,35.6,78.4,55.5,6.33,8,1,56.3,Average
53.6,3.7,70.5,81.3,77.2,7.49,7,0,63.3,Average
82.5,4.2,68.5,69.5,87.2,7.32,7,0,64.0,Average
100.0,5.3,66.7,100.0,74.2,5.6,7,0,81.2,Excellent
56.9,4.6,83.9,70.6,82.8,8.45,5,1,69.8,Good
78.7,3.5,80.0,70.5,81.3,7.88,4,0,79.5,Good
66.7,3.5,72.8,62.0,78.1,4.32,7,0,55.7,Average
82.0,4.6,75.2,75.9,59.5,7.49,9,0,74.0,Good
76.3,5.8,66.3,83.2,72.8,6.02,10,0,66.0,Good
67.0,4.0,96.4,92.1,56.4,8.64,8,0,80.3,Excellent
82.8,3.0,44.3,51.7,70.3,5.08,7,0,59.0,Average
100.0,2.2,70.2,70.3,75.3,6.6,7,0,66.2,Good
73.3,1.5,69.0,80.7,96.9,7.61,7,1,67.1,Good
86.1,4.9,81.0,82.8,49.0,7.18,4,0,69.1,Good
57.9,4.7,54.5,74.1,77.7,8.17,7,0,65.6,Good
62.6,4.7,40.1,82.1,93.7,4.97,4,0,63.0,Average
82.6,3.6,70.5,61.9,82.1,9.41,6,0,76.6,Good
96.8,6.1,72.5,97.4,83.3,7.84,10,1,86.4,Excellent
81.0,3.0,91.8,88.9,79.4,9.0,8,0,75.5,Good
71.6,5.3,47.7,53.8,90.8,8.32,5,0,69.2,Good
76.0,3.7,86.5,57.9,52.6,7.08,6,0,67.0,Good
58.5,2.8,99.0,58.3,47.8,5.3,5,0,55.9,Average
84.5,4.7,62.0,84.2,69.9,6.31,6,0,67.4,Good
88.4,4.5,47.3,54.7,35.4,9.33,9,1,65.1,Good
69.7,4.4,61.5,69.0,89.7,9.04,8,1,67.4,Good
69.4,3.9,68.2,80.8,89.5,6.23,10,0,74.3,Good
79.7,3.7,77.0,73.0,63.1,3.15,9,1,61.5,Average
69.9,7.6,58.5,77.9,64.1,6.8,7,1,64.7,Average
75.1,5.7,92.9,58.0,68.8,6.7,8,0,74.0,Good
100.0,5.0,50.2,82.9,70.8,6.75,6,0,70.3,Good
72.5,4.0,40.2,64.8,72.0,7.84,4,1,50.1,Average
71.0,5.4,85.7,69.1,78.9,8.33,9,0,72.3,Good
66.9,4.6,31.6,77.6,67.2,8.49,9,2,55.5,Average
86.4,3.8,64.7,75.5,85.1,7.72,6,1,66.1,Good
73.5,3.3,99.0,74.4,77.1,4.58,7,0,72.0,Good
66.9,3.7,67.8,62.7,60.3,6.62,9,1,59.4,Average
94.5,0.5,50.1,69.5,91.4,10.0,8,1,63.5,Average
95.9,4.1,67.1,74.0,48.3,7.62,4,0,71.5,Good
67.6,3.0,67.2,53.4,68.5,7.61,7,2,49.4,Poor
49.9,6.3,70.6,67.1,85.5,7.6,6,2,62.9,Average
90.1,3.8,78.6,79.8,58.4,7.68,9,0,75.4,Good
66.4,1.9,51.4,54.8,75.0,3.76,9,2,49.9,Poor
87.1,3.7,95.0,91.3,78.7,6.76,9,0,74.7,Good
48.4,2.1,71.9,93.0,56.2,7.05,4,1,55.6,Average
88.5,4.6,79.6,55.3,68.8,8.89,5,1,73.7,Good
59.0,4.3,57.9,94.4,67.5,7.17,9,1,61.6,Average
86.2,5.3,88.6,71.8,61.2,4.79,5,0,74.1,Good
76.2,2.5,63.9,80.3,100.0,7.7,3,2,63.3,Average
62.6,3.9,72.4,66.6,57.8,5.97,8,0,58.7,Average
70.3,1.6,53.1,87.8,86.1,5.4,5,0,67.6,Good
85.6,4.9,52.0,80.1,63.7,5.93,10,1,65.7,Good
77.5,4.6,79.0,61.8,52.6,7.86,7,1,65.5,Good
84.2,4.6,60.9,56.5,71.6,8.86,7,2,54.3,Average
100.0,3.8,54.3,52.1,80.4,7.78,6,0,70.7,Good
54.1,4.5,57.7,76.8,84.7,7.98,10,2,60.4,Average
98.6,6.4,79.2,82.6,95.0,7.76,7,0,90.6,Excellent
77.5,3.3,57.9,83.8,100.0,7.24,6,3,57.3,Average
63.4,4.0,66.1,72.2,74.0,8.08,5,1,57.7,Average
57.4,2.1,68.2,56.6,59.4,3.71,6,0,50.8,Average
73.4,2.4,37.3,63.8,77.2,7.26,5,0,54.7,Average
88.9,4.0,44.5,91.3,65.7,5.64,9,0,62.6,Average
74.2,5.6,73.4,66.7,84.8,8.73,3,0,77.1,Good
97.2,3.4,56.2,76.2,49.2,6.89,6,1,65.3,Good
55.7,3.4,84.9,57.9,100.0,7.14,8,0,68.6,Good
75.8,3.1,83.5,79.0,83.7,4.99,7,2,61.2,Average
58.5,2.9,79.5,67.1,43.1,8.52,5,1,49.4,Poor
81.1,4.3,97.1,89.7,58.7,7.98,8,0,79.6,Good
88.4,1.4,66.7,85.6,83.1,7.88,5,0,74.4,Good
70.1,5.8,78.4,66.6,88.8,5.96,6,2,62.7,Average
39.5,2.7,58.6,72.1,49.6,6.02,8,2,43.5,Poor
78.8,5.0,99.0,65.7,81.4,7.41,7,1,75.4,Good
82.1,1.8,99.0,52.7,38.8,6.13,5,1,64.1,Average
81.7,4.9,68.2,61.1,68.6,7.71,9,0,70.6,Good
93.3,4.9,74.2,77.0,87.8,4.07,7,0,75.8,Good
61.0,4.4,89.7,78.9,61.2,6.42,8,1,66.0,Good
85.5,2.2,65.6,76.2,45.9,9.62,10,2,52.4,Average
92.7,4.2,57.5,69.5,72.3,7.72,9,1,61.1,Average
51.1,1.9,82.0,88.0,60.3,7.33,9,0,60.4,Average
80.5,3.4,69.3,75.0,80.1,9.88,7,1,71.3,Good
68.9,5.4,70.9,84.5,55.8,3.83,8,0,65.4,Good
74.9,5.1,54.7,47.4,57.6,5.96,7,0,58.2,Average
80.9,3.8,40.5,30.0,37.7,6.54,4,1,43.4,Poor
69.2,2.2,71.8,78.3,72.7,8.3,7,0,65.3,Good
66.5,4.8,82.5,52.6,67.4,8.33,7,0,74.1,Good
76.5,3.8,64.4,70.8,51.0,5.89,8,2,54.1,Average
60.8,0.5,91.0,69.5,73.1,8.5,6,1,57.0,Average
60.8,5.1,56.7,97.8,86.4,6.54,5,3,57.1,Average
85.5,3.8,51.1,80.0,66.6,8.8,8,2,65.7,Good
59.9,5.7,66.9,76.5,74.3,5.65,4,0,64.4,Average
85.3,2.0,66.7,86.6,74.4,6.93,9,1,60.5,Average
82.5,0.5,80.3,79.5,50.7,6.41,6,1,56.1,Average
51.8,4.2,55.6,67.1,100.0,8.58,7,3,54.0,Average
66.5,4.3,89.9,90.1,62.5,6.37,8,1,70.5,Good
92.7,1.1,99.0,57.4,80.5,7.04,8,0,75.7,Good
62.3,2.2,67.4,78.8,82.3,7.81,4,0,59.8,Average
69.5,8.2,88.0,50.8,67.8,7.86,8,0,72.8,Good
82.5,3.3,51.1,77.1,79.7,8.34,7,3,53.8,Average
87.0,5.0,85.2,76.9,73.9,7.4,5,0,78.5,Good
72.5,2.8,84.8,99.1,47.3,6.51,5,1,58.7,Average
67.6,0.5,81.8,50.5,64.7,6.61,6,0,55.4,Average
95.9,3.5,67.8,65.0,60.2,7.14,4,1,60.7,Average
100.0,3.4,25.0,86.3,62.6,7.45,10,0,67.3,Good
89.7,3.2,57.7,79.0,49.1,6.89,9,0,66.5,Good
77.2,3.6,58.0,76.7,88.0,7.13,7,1,67.5,Good
64.7,4.2,52.3,59.7,95.6,4.98,6,1,63.1,Average
64.4,3.6,70.0,65.1,85.6,8.03,6,0,65.6,Good
83.3,1.8,61.3,92.7,90.3,7.35,8,1,61.9,Average
81.9,4.6,54.8,73.2,64.5,8.5,10,1,60.3,Average
95.6,0.7,51.1,79.6,59.8,7.1,5,2,45.6,Poor
85.1,0.5,56.6,72.3,57.5,4.67,4,0,53.5,Average
55.0,5.0,85.9,56.3,80.3,6.6,10,1,64.0,Average
90.7,4.6,57.4,88.0,73.6,6.82,3,0,72.9,Good
62.0,3.7,59.8,81.5,68.8,8.14,4,2,55.1,Average
70.6,1.6,60.7,100.0,90.7,4.2,6,1,59.0,Average
79.5,2.7,73.4,58.8,76.5,7.16,3,1,60.1,Average
100.0,3.4,75.3,86.3,56.6,7.82,9,1,66.3,Good
100.0,1.2,25.0,54.3,59.1,6.17,8,0,56.5,Average
84.5,2.6,84.3,76.4,80.9,7.2,5,0,69.0,Good
73.4,4.8,91.0,88.6,86.7,6.22,9,1,70.6,Good
83.5,6.1,51.2,42.9,78.8,6.08,9,1,65.4,Good
88.4,3.1,52.4,70.9,100.0,6.53,6,0,70.6,Good
71.5,5.0,60.8,65.6,96.2,6.11,6,1,58.9,Average
100.0,0.7,55.9,63.5,77.1,8.06,10,0,68.3,Good
79.2,4.9,71.6,79.8,56.6,6.07,8,0,66.5,Good
83.0,2.5,36.9,90.8,49.0,5.84,7,1,52.1,Average
85.3,4.3,50.1,72.0,63.8,9.58,9,2,60.4,Average
81.9,3.4,92.6,77.1,82.1,8.45,7,0,78.7,Good
87.7,5.9,53.1,75.7,99.2,4.49,5,1,69.9,Good
67.4,2.4,87.9,74.0,76.7,6.03,7,1,63.4,Average
68.2,4.8,73.7,57.7,88.7,7.44,9,0,69.2,Good
60.6,3.4,39.1,90.6,66.1,7.55,3,2,51.1,Average
82.2,3.5,78.2,78.4,80.0,5.01,6,1,66.0,Good
86.9,3.5,66.1,79.9,83.2,8.72,9,0,79.9,Good
82.4,2.4,60.7,61.9,38.3,8.26,5,0,59.8,Average
99.4,3.8,71.9,67.1,63.4,7.77,10,2,61.4,Average
75.9,3.7,75.6,71.4,85.2,9.0,9,2,63.5,Average
85.4,4.2,79.3,51.0,74.4,7.73,6,0,70.2,Good
60.7,3.9,86.9,48.7,50.9,7.73,5,0,66.3,Good
70.6,5.1,74.5,65.0,31.1,9.28,6,0,68.9,Good
85.7,5.3,46.0,81.8,64.1,8.64,10,1,64.5,Average
87.9,2.1,60.4,64.2,68.9,5.92,10,1,56.3,Average
71.9,5.2,99.0,58.7,55.9,7.99,7,0,68.6,Good
75.0,1.9,79.6,61.8,72.3,6.17,5,1,60.1,Average
54.7,4.7,99.0,67.2,78.1,7.81,7,0,80.6,Excellent
71.0,4.8,90.3,68.7,80.7,7.77,7,1,72.5,Good
88.5,0.7,71.9,100.0,32.3,5.16,4,0,54.2,Average
84.1,3.9,72.8,89.8,49.0,6.93,7,0,66.4,Good
83.0,3.1,67.4,89.4,65.1,7.47,9,1,63.6,Average
76.7,2.6,40.2,91.5,79.2,6.49,3,0,58.1,Average
76.1,6.0,68.3,59.0,77.8,7.54,8,0,70.1,Good
66.8,2.8,87.4,55.7,77.5,8.23,9,1,65.5,Good
85.8,2.5,58.4,57.4,63.9,7.06,5,0,63.0,Average
81.9,3.9,74.6,94.0,64.8,7.41,10,1,73.4,Good
82.9,4.9,81.6,65.8,58.3,9.04,5,0,73.4,Good
68.6,3.6,53.4,55.2,82.3,7.76,7,0,55.3,Average
45.9,5.7,60.8,67.5,55.3,7.38,6,1,52.2,Average
91.4,4.6,51.7,70.4,83.6,5.76,6,2,60.0,Average
69.3,0.5,54.8,78.0,73.3,8.04,5,1,54.5,Average
63.9,3.0,47.4,77.8,69.3,7.56,8,1,59.1,Average
85.7,2.9,53.6,61.6,59.5,8.9,8,2,55.0,Average
70.5,4.6,90.7,84.3,48.3,7.17,6,1,66.6,Good
90.8,0.5,53.4,64.4,59.6,4.56,4,0,55.5,Average
84.6,7.9,70.0,71.7,64.7,4.72,7,1,69.3,Good
85.6,4.6,60.0,84.3,32.1,8.13,7,1,61.5,Average
56.9,4.0,86.9,64.4,66.8,6.3,6,1,65.1,Good
93.0,5.7,89.0,65.5,84.8,7.71,10,0,81.5,Excellent
79.7,7.5,81.8,82.9,79.1,7.26,3,0,79.2,Good
70.8,5.2,72.9,61.1,62.1,6.87,2,1,60.7,Average
78.0,5.3,64.3,68.2,70.8,6.97,5,1,68.7,Good
51.1,4.0,48.9,82.3,61.1,5.89,8,1,49.8,Poor
81.7,3.6,99.0,100.0,72.4,7.08,4,1,80.0,Excellent
61.6,3.0,55.8,83.1,94.6,6.28,5,2,51.9,Average
57.1,2.5,78.6,81.1,85.5,6.58,8,0,64.6,Average
54.7,2.7,85.0,82.0,78.3,6.65,7,0,69.5,Good
91.6,1.6,59.1,57.9,62.1,6.78,7,1,60.2,Average
67.2,3.7,84.6,75.7,82.0,8.39,8,0,67.7,Good
97.5,1.1,80.2,73.6,43.0,6.92,6,1,56.5,Average
68.5,4.1,95.6,78.8,66.0,8.53,6,0,74.2,Good
52.1,3.7,60.5,75.7,79.3,9.25,8,0,72.8,Good
60.4,4.0,47.4,79.7,81.8,8.3,4,1,62.9,Average
93.3,3.0,59.9,69.3,80.7,7.85,2,1,62.3,Average
73.8,8.5,71.3,74.9,74.7,7.56,6,1,64.9,Average
68.3,6.0,68.9,55.6,66.9,8.31,8,1,64.7,Average
78.2,1.8,61.7,69.2,78.6,7.23,7,0,64.7,Average
83.0,4.2,37.5,94.9,54.8,8.48,8,0,63.5,Average
91.6,2.8,75.5,78.8,56.5,7.96,2,0,64.5,Average
96.3,2.2,99.0,73.7,71.0,6.6,7,0,75.5,Good
71.0,1.7,75.4,100.0,72.8,8.35,8,0,66.2,Good
57.4,4.5,77.7,53.6,40.8,7.23,4,1,61.0,Average
70.2,2.7,77.2,57.4,77.3,6.95,8,0,70.6,Good
79.6,5.3,74.4,99.7,82.4,6.43,6,2,71.3,Good
62.5,5.4,82.9,74.7,68.8,7.33,10,0,72.5,Good
62.6,6.0,74.3,70.4,100.0,8.5,2,0,71.3,Good
80.8,2.4,63.0,56.0,59.1,8.34,9,1,58.0,Average
75.3,4.6,55.3,80.7,64.2,7.59,6,0,71.7,Good
76.5,4.8,64.0,82.2,63.7,7.94,3,2,62.7,Average
65.4,3.0,73.0,57.6,68.8,8.88,5,0,63.7,Average
72.8,2.6,62.9,71.9,64.7,6.89,7,1,61.3,Average
63.1,6.4,73.0,69.0,47.5,5.54,9,2,59.9,Average
88.5,4.2,75.0,77.8,61.3,8.92,10,0,75.3,Good
90.5,4.8,81.3,57.2,68.4,6.36,9,0,76.1,Good
50.2,2.5,88.5,92.8,89.7,6.13,5,0,70.3,Good
63.0,1.8,69.2,87.7,100.0,4.59,9,1,65.8,Good
55.0,2.9,47.1,68.6,91.4,7.9,7,0,60.7,Average
66.9,3.6,62.5,70.8,57.6,4.83,5,1,54.0,Average
74.8,2.1,68.7,72.0,58.9,6.05,6,1,54.9,Average
55.7,3.8,38.6,62.3,67.5,7.92,5,3,40.3,Poor
63.1,1.1,90.2,67.3,98.6,8.11,7,0,63.4,Average
61.9,2.0,70.3,69.9,67.4,6.19,5,0,55.9,Average
78.9,4.9,74.1,98.2,48.8,6.91,4,0,66.7,Good
77.0,4.8,89.8,88.2,62.0,5.88,7,0,72.2,Good
65.9,3.2,57.9,88.0,82.1,6.33,8,1,67.1,Good
78.5,2.2,77.2,79.5,81.0,7.47,6,1,64.7,Average
68.3,2.2,66.2,57.2,66.8,6.4,9,1,56.6,Average
72.2,3.2,65.1,73.4,80.9,6.76,6,0,66.8,Good
99.4,4.8,55.6,88.6,33.6,5.05,6,1,66.9,Good
94.8,5.3,94.6,55.1,71.7,8.69,8,0,77.1,Good
57.8,3.0,62.0,83.5,83.8,7.81,6,0,63.8,Average
87.6,2.0,79.2,100.0,56.7,8.21,7,0,70.8,Good
87.4,4.2,38.0,89.9,56.6,8.91,1,0,66.9,Good
59.9,2.5,86.9,95.2,40.1,5.94,7,1,63.8,Average
87.5,3.0,84.8,77.3,95.4,6.6,3,0,76.0,Good
97.5,5.9,69.6,88.5,58.5,4.45,4,0,77.1,Good
60.3,5.1,64.4,63.2,73.9,10.0,4,3,54.7,Average
63.2,4.1,74.4,85.9,79.7,6.89,4,0,68.0,Good
90.2,1.8,99.0,83.8,94.2,8.55,5,0,83.0,Excellent
79.8,4.1,39.8,78.3,67.5,5.37,6,0,62.6,Average
83.7,5.5,80.5,93.7,61.4,8.49,8,0,75.2,Good
80.8,3.2,53.4,65.9,72.8,9.7,7,3,56.9,Average
81.5,6.0,67.7,71.2,90.5,7.02,3,1,69.0,Good
57.4,5.9,64.0,75.4,67.3,5.68,7,2,56.2,Average
90.7,6.5,61.1,58.6,54.7,6.91,7,1,68.2,Good
92.4,4.3,67.8,77.4,45.3,3.98,6,0,64.8,Average
72.8,4.7,49.9,48.2,50.5,7.05,6,1,54.6,Average
75.4,6.1,84.5,89.7,83.8,8.25,7,1,78.8,Good
54.6,4.5,39.3,74.7,64.9,7.05,8,1,51.0,Average
83.2,3.0,76.6,66.2,60.3,6.7,3,1,62.0,Average
84.0,3.1,62.8,61.5,58.5,7.84,6,0,67.8,Good
75.1,4.2,49.3,70.5,71.4,7.95,10,1,58.1,Average
91.7,1.7,71.2,84.3,66.2,4.78,9,0,68.6,Good
71.3,3.6,43.1,82.2,65.6,7.22,8,1,54.6,Average
83.9,5.6,68.6,63.4,91.6,10.0,8,0,80.7,Excellent
61.7,0.5,45.2,61.3,94.6,5.23,10,1,54.7,Average
75.7,6.3,75.4,83.9,44.2,6.98,10,0,70.7,Good
73.6,5.6,53.2,63.2,75.2,9.82,6,1,71.8,Good
79.2,3.1,60.8,74.9,57.6,8.65,5,1,63.5,Average
70.8,4.7,72.7,75.9,66.0,6.38,6,1,66.2,Good
74.2,3.8,55.6,78.7,74.9,7.39,10,1,65.4,Good
87.6,5.8,67.1,86.9,66.6,7.1,3,4,60.3,Average
69.9,5.4,43.8,55.1,73.7,6.05,6,2,49.0,Poor
53.5,1.6,78.1,45.3,80.8,7.0,4,0,58.0,Average
100.0,4.7,96.2,65.5,74.7,6.71,7,0,80.6,Excellent
95.3,3.5,99.0,100.0,59.7,7.26,4,0,77.0,Good
57.9,3.9,69.5,100.0,59.9,6.05,6,1,62.7,Average
85.7,2.6,80.6,100.0,47.0,5.31,3,1,67.0,Good
69.0,6.6,39.5,71.1,56.3,7.04,8,2,53.2,Average
79.7,5.5,92.0,47.3,100.0,9.5,9,1,76.2,Good
80.1,2.6,80.4,38.9,57.3,7.22,6,0,58.5,Average
72.7,1.7,60.3,64.8,50.9,6.64,6,1,45.7,Poor
65.0,3.2,87.8,71.0,75.1,8.16,6,0,71.9,Good
66.3,4.5,63.9,93.5,68.2,6.88,7,0,68.0,Good
63.2,4.2,60.7,87.0,66.9,9.72,6,1,63.1,Average
64.4,5.8,75.6,77.4,92.5,7.09,8,0,71.5,Good
75.1,5.1,51.0,60.7,78.8,8.08,9,1,62.4,Average
66.0,5.4,84.3,59.6,61.5,6.04,5,1,66.8,Good
85.5,4.3,51.1,77.8,63.2,7.8,6,2,58.1,Average
96.8,1.6,51.2,84.5,62.0,7.49,8,0,64.7,Average
67.9,3.5,53.4,79.9,84.0,7.02,4,2,56.5,Average
79.4,5.5,80.2,58.5,65.1,6.4,3,3,52.5,Average
83.0,3.7,58.1,83.8,41.3,6.21,7,2,56.6,Average
82.6,4.6,46.4,80.4,69.2,7.5,7,2,54.1,Average
77.1,3.3,58.3,57.9,45.4,7.98,5,1,50.9,Average
86.4,2.2,67.5,62.2,100.0,6.92,5,0,64.8,Average
82.8,3.6,49.1,84.3,54.5,7.5,5,2,54.0,Average
58.7,4.3,49.6,70.5,67.4,7.05,5,2,49.8,Poor
88.2,2.8,99.0,97.8,74.1,7.24,8,0,79.2,Good
88.4,3.4,54.2,81.5,65.4,6.82,4,2,53.8,Average
65.3,2.3,62.8,66.7,65.4,7.13,6,1,58.6,Average
76.5,5.6,62.1,73.8,76.7,10.0,5,0,75.0,Good
85.6,3.3,61.3,75.0,94.4,7.54,4,1,65.4,Good
73.1,6.1,77.9,63.1,82.3,8.0,8,0,73.2,Good
91.0,6.2,83.2,60.3,93.7,7.71,5,0,77.7,Good
100.0,3.7,63.1,84.5,53.3,6.73,7,0,68.3,Good
65.0,2.2,48.2,86.7,75.1,8.91,3,1,51.3,Average
56.7,0.5,88.4,83.1,72.5,6.69,5,1,55.0,Average
80.3,1.4,66.5,96.7,75.6,8.58,8,1,68.0,Good
86.1,1.6,95.7,65.9,92.0,6.63,10,0,75.6,Good
72.8,6.0,32.1,99.1,66.5,5.76,3,1,65.0,Good
96.3,4.0,71.1,60.5,63.5,7.61,6,0,68.5,Good
57.3,4.4,98.7,58.8,78.5,5.55,7,0,68.2,Good
85.7,0.5,62.3,47.6,41.5,7.85,5,0,51.9,Average
67.5,1.9,64.4,67.3,66.2,5.43,8,2,49.7,Poor
100.0,5.2,72.7,66.4,67.9,6.65,5,0,71.0,Good
100.0,4.3,59.1,81.9,55.3,5.1,7,1,65.2,Good
65.3,3.6,63.0,77.7,86.9,10.0,5,2,60.6,Average
68.3,4.7,62.6,56.1,53.0,4.78,9,3,46.3,Poor
88.0,6.4,58.0,68.1,67.8,7.11,5,0,74.9,Good
70.6,3.4,87.7,68.4,74.7,8.7,6,0,77.3,Good
75.4,3.9,75.4,47.4,91.7,8.55,8,0,74.4,Good
76.4,4.1,72.0,59.3,69.8,8.29,4,1,64.5,Average
49.1,7.6,80.9,62.4,85.0,6.66,7,0,75.1,Good
75.8,0.5,63.8,95.5,81.2,8.99,3,2,63.4,Average
66.3,4.9,55.6,76.9,72.0,8.38,4,0,68.0,Good
69.1,3.6,58.4,83.9,52.6,7.4,7,1,56.3,Average
96.2,4.7,68.0,51.5,47.0,7.44,5,0,67.1,Good
58.4,2.7,51.1,91.9,71.7,6.67,5,3,49.9,Poor
87.4,3.7,60.0,93.5,61.3,5.83,7,1,60.5,Average
72.1,4.9,59.7,44.0,84.7,8.83,5,0,64.6,Average
72.1,8.5,99.0,63.4,81.9,8.94,8,0,88.4,Excellent
87.1,5.1,25.0,81.4,67.0,5.86,7,0,55.7,Average
80.8,2.4,65.1,83.7,51.5,6.88,7,1,54.9,Average
